,pk,popularity,title,vote_count,vote_average,genres,director,genres_literal,weighted_vote
0,526896,12854.042,모비우스,1091.0,6.4,"['Action', 'Science Fiction', 'Fantasy']",Pietro Scalia,Action Science Fiction Fantasy,7.090611620475157
1,752623,11818.362,로스트 시티,738.0,6.8,"['Action', 'Adventure', 'Comedy', 'Romance']",Marlene Stewart,Action Adventure Comedy Romance,7.321144512702585
2,675353,8162.111,수퍼 소닉 2,1600.0,7.8,"['Action', 'Science Fiction', 'Comedy', 'Family', 'Adventure']",Jim May,Action Science Fiction Comedy Family Adventure,7.680761209593326
3,639933,8011.091,노스맨,1071.0,7.5,"['Action', 'Adventure', 'Fantasy', 'Thriller']",Arnon Milchan,Action Adventure Fantasy Thriller,7.5368535644697285
4,836225,3742.027,엑소시즘 오브 갓,170.0,6.9,['Horror'],Enrique Echeverría,Horror,7.4979863676263525
5,335787,6209.995,언차티드,2085.0,7.2,"['Action', 'Adventure']",Denise Chamian,Action Adventure,7.356970385535589
6,414906,5912.925,더 배트맨,4744.0,7.8,"['Crime', 'Mystery', 'Thriller']",William Hoy,Crime Mystery Thriller,7.739854330185788
7,453395,3097.075,닥터 스트레인지: 대혼돈의 멀티버스,1819.0,7.4,"['Fantasy', 'Action', 'Adventure']",Danny Elfman,Fantasy Action Adventure,7.475588145860967
8,634649,5399.104,스파이더맨: 노 웨이 홈,12990.0,8.1,"['Action', 'Adventure', 'Science Fiction']",Sanja Milković Hays,Action Adventure Science Fiction,8.040948311905321
9,629542,3098.188,배드 가이즈,484.0,7.8,"['Animation', 'Comedy', 'Action', 'Family', 'Crime']",Susan Misner,Animation Comedy Action Family Crime,7.616907807436969
10,628900,4191.786,더 컨트랙터,247.0,6.6,"['Action', 'Thriller']",Pierre Aïm,Action Thriller,7.4329376668644525
11,508947,3534.772,메이의 새빨간 비밀,,7.5,"['Animation', 'Family', 'Comedy', 'Fantasy']",Ren Klyce,Animation Family Comedy Fantasy,
12,406759,3451.712,문폴,,6.5,"['Science Fiction', 'Adventure', 'Action']",John Papsidera,Science Fiction Adventure Action,
13,785985,3645.218,투캅스 인 파리: 더 테이크다운,,5.8,"['Comedy', 'Action']",Louis Leterrier,Comedy Action,
14,893370,2155.339,Virus-32,,6.9,['Horror'],Gustavo Hernández,Horror,
15,763285,2957.028,앰뷸런스,,7.0,"['Action', 'Thriller', 'Crime']",Denise Chamian,Action Thriller Crime,
16,284052,1715.917,닥터 스트레인지,,7.4,"['Action', 'Adventure', 'Fantasy', 'Science Fiction']",Tom Johnson,Action Adventure Fantasy Science Fiction,
17,799876,2696.795,아웃핏,,7.0,"['Crime', 'Drama', 'Thriller']",William Goldenberg,Crime Drama Thriller,
18,883502,1831.292,포트리스: 스나이퍼스 아이,,5.8,"['Crime', 'Action']",George Furla,Crime Action,
19,568124,1344.651,엔칸토: 마법의 세계,,7.7,"['Animation', 'Comedy', 'Family', 'Fantasy']",Shannon Mills,Animation Comedy Family Fantasy,
20,606402,1988.357,야차,,6.1,['Action'],Kim Sang-bum,Action,
21,829557,1134.851,365일: 오늘,,5.6,"['Romance', 'Drama']",Barbara Bialowas,Romance Drama,
22,951470,1314.749,실버턴 포위 작전,,6.6,"['Action', 'Crime', 'Drama']",Michael L. Games,Action Crime Drama,
23,661791,996.775,La abuela,,5.9,['Horror'],Enrique López Lavigne,Horror,
24,294793,1767.153,배신의 만찬,,6.0,"['Thriller', 'Action']",Jina Jay,Thriller Action,
25,585083,1293.221,몬스터 호텔 4: 뒤바뀐 세계,,7.1,"['Animation', 'Family', 'Fantasy', 'Comedy', 'Adventure']",Mark Mothersbaugh,Animation Family Fantasy Comedy Adventure,
26,845885,1216.791,Dark Blood,,3.3,"['Crime', 'Drama']",Hugo Colace,Crime Drama,
27,800937,1422.239,시니어 이어,,5.9,"['Comedy', 'Drama']",Chris Bender,Comedy Drama,
28,696806,1560.929,애덤 프로젝트,,7.1,"['Action', 'Adventure', 'Comedy', 'Science Fiction']",Josh McLaglen,Action Adventure Comedy Science Fiction,
29,919689,1092.098,War of the Worlds: Annihilation,,5.2,"['Science Fiction', 'Action']",David Michael Latt,Science Fiction Action,
30,774825,1460.63,아이스 에이지: 벅의 대모험,,6.8,"['Animation', 'Comedy', 'Adventure', 'Family']",John C. Donkin,Animation Comedy Adventure Family,
31,768744,1352.93,나의 히어로 아카데미아 더 무비: 월드 히어로즈 미션,,7.4,"['Animation', 'Action', 'Fantasy', 'Adventure']",Masafumi Mima,Animation Action Fantasy Adventure,
32,823625,1285.804,블랙라이트,,6.2,"['Action', 'Thriller']",Mary Vernieu,Action Thriller,
33,338953,1465.114,신비한 동물들과 덤블도어의 비밀,,6.7,"['Action', 'Adventure', 'Fantasy']",Anna Pinnock,Action Adventure Fantasy,
34,580489,808.896,베놈 2: 렛 데어 비 카니지,,7.0,"['Science Fiction', 'Action', 'Adventure']",Robert Richardson,Science Fiction Action Adventure,
35,635302,1020.513,귀멸의 칼날 극장판 무한열차편,,8.4,"['Animation', 'Action', 'Adventure', 'Fantasy']",Kazuo Ebisawa,Animation Action Adventure Fantasy,
36,937337,948.99,¡Qué despadre!,,8.2,"['Comedy', 'Family', 'Romance']",Pedro Pablo Ibarra,Comedy Family Romance,
37,801071,997.653,The Jack in the Box: Awakening,,6.3,['Horror'],Lawrence Fowler,Horror,
38,438695,829.83,씽2게더,,8.1,"['Animation', 'Comedy', 'Family', 'Music']",Scarlett Johansson,Animation Comedy Family Music,
39,756187,972.183,'신'데렐라,,6.2,"['Music', 'Comedy', 'Family']",Natalie Hart,Music Comedy Family,
40,524434,716.765,이터널스,,7.1,"['Science Fiction', 'Action', 'Adventure']",Craig Wood,Science Fiction Action Adventure,
41,833425,830.926,출구는 없다,,6.7,"['Horror', 'Thriller']",Scott Frank,Horror Thriller,
42,938596,865.303,Bull Shark,,5.8,['Horror'],Brett Bentman,Horror,
43,566525,696.642,샹치와 텐 링즈의 전설,,7.7,"['Action', 'Adventure', 'Fantasy', 'Science Fiction']",Sarah Halley Finn,Action Adventure Fantasy Science Fiction,
44,803114,975.693,더 리퀸,,4.7,['Thriller'],Lê Văn Kiệt,Thriller,
45,676705,957.434,Pil,,6.8,"['Adventure', 'Animation', 'Comedy', 'Family', 'Fantasy']",David Alaux,Adventure Animation Comedy Family Fantasy,
46,760868,1052.037,블랙 크랩,,6.3,"['Action', 'Thriller']",Adam Berg,Action Thriller,
47,476669,752.638,킹스맨: 퍼스트 에이전트,,6.9,"['Action', 'Adventure', 'Thriller', 'War', 'Mystery']",Doug J. Meerdink,Action Adventure Thriller War Mystery,
48,459151,574.802,보스 베이비 2,,7.6,"['Animation', 'Comedy', 'Adventure', 'Family']",Hans Zimmer,Animation Comedy Adventure Family,
49,800510,947.216,키미,,6.2,['Thriller'],Cliff Martinez,Thriller,
50,678287,805.217,마마듀크,,5.6,"['Animation', 'Family', 'Comedy']",Kenneth Burgomaster,Animation Family Comedy,
51,460458,725.309,레지던트 이블: 라쿤시티,,6.2,"['Horror', 'Action', 'Science Fiction']",Paul W. S. Anderson,Horror Action Science Fiction,
52,646385,586.318,스크림,,6.8,"['Horror', 'Mystery', 'Thriller']",Cathy Konrad,Horror Mystery Thriller,
53,892153,660.806,Tom and Jerry Cowboy Up!,,7.0,"['Animation', 'Comedy', 'Family', 'Western']",Joseph Barbera,Animation Comedy Family Western,
54,778106,496.596,여름밤을 달려봐,,6.8,"['Romance', 'Drama']",Sarah Dessen,Romance Drama,
55,632727,606.674,텍사스 전기톱 학살 2022,,5.2,"['Horror', 'Thriller']",Tobe Hooper,Horror Thriller,
56,425909,608.407,고스트 버스터즈 라이즈,,7.7,"['Fantasy', 'Comedy', 'Adventure']",John Papsidera,Fantasy Comedy Adventure,
57,843241,690.279,일곱 개의 대죄: 빛에 저주받은 자들,,7.9,"['Animation', 'Fantasy']",Takayuki Hamana,Animation Fantasy,
58,860623,641.031,라스트 맨 다운,,6.3,"['Action', 'Thriller']",Alexander Arntzen,Action Thriller,
59,864116,636.359,데이 투 다이,,5.6,"['Action', 'Thriller', 'Crime']",Andrew van den Houten,Action Thriller Crime,
60,19995,477.272,아바타,,7.5,"['Action', 'Adventure', 'Fantasy', 'Science Fiction']",Stephen E. Rivkin,Action Adventure Fantasy Science Fiction,
61,585245,582.764,클리포드 더 빅 레드 독,,7.3,"['Family', 'Adventure', 'Comedy', 'Fantasy']",Naomi Shohan,Family Adventure Comedy Fantasy,
62,949270,629.038,포티 이어스 영,,6.1,['Comedy'],Eckehardt Von Damm,Comedy,
63,935819,613.817,"¿Nos casamos? Sí, mi amor",,2.0,"['Comedy', 'Romance']",Yiddá Eslava,Comedy Romance,
64,760926,840.547,골드,,6.4,"['Thriller', 'Action']",Frank Lipson,Thriller Action,
65,1865,460.886,캐리비안의 해적: 낯선 조류,,6.5,"['Adventure', 'Action', 'Fantasy']",Dariusz Wolski,Adventure Action Fantasy,
66,58,457.483,캐리비안의 해적: 망자의 함,,7.3,"['Adventure', 'Fantasy', 'Action']",Dariusz Wolski,Adventure Fantasy Action,
67,926899,567.825,더 하우스,,7.0,"['Animation', 'Drama', 'Comedy', 'Horror', 'Fantasy']",Gustavo Santaolalla,Animation Drama Comedy Horror Fantasy,
68,361743,784.584,탑 건: 매버릭,,7.9,"['Action', 'Drama']",Jerry Bruckheimer,Action Drama,
69,656663,494.592,잭애스 포에버,,7.0,"['Comedy', 'Action', 'Documentary']",Spike Jonze,Comedy Action Documentary,
70,818750,495.361,인 비트윈,,7.1,"['Romance', 'Science Fiction', 'Drama']",Marc Klein,Romance Science Fiction Drama,
71,624860,542.502,매트릭스: 리저렉션,,6.7,"['Science Fiction', 'Action', 'Adventure']",Tom Tykwer,Science Fiction Action Adventure,
72,860159,542.558,크러쉬,,7.5,"['Comedy', 'Romance']",Natasha Lyonne,Comedy Romance,
73,928381,535.769,레스틀리스,,6.0,"['Action', 'Thriller', 'Crime']",Baxter,Action Thriller Crime,
74,454626,667.082,수퍼 소닉,,7.4,"['Action', 'Science Fiction', 'Comedy', 'Family']",Jeanne McCarthy,Action Science Fiction Comedy Family,
75,22,399.351,캐리비안의 해적: 블랙펄의 저주,,7.8,"['Adventure', 'Fantasy', 'Action']",Arthur Schmidt,Adventure Fantasy Action,
76,460465,330.932,모탈 컴뱃,,7.2,"['Action', 'Fantasy', 'Adventure']",James Wan,Action Fantasy Adventure,
77,698508,440.38,리디밍 러브,,7.6,"['Drama', 'History', 'Romance']",Johnny Breedt,Drama History Romance,
78,512195,504.527,레드 노티스,,6.8,"['Action', 'Comedy', 'Crime', 'Thriller']",Beau Flynn,Action Comedy Crime Thriller,
79,285,397.902,캐리비안의 해적: 세상의 끝에서,,7.2,"['Adventure', 'Fantasy', 'Action']",Dariusz Wolski,Adventure Fantasy Action,
80,783461,597.592,루프 라페타,,6.3,"['Action', 'Comedy', 'Crime']",Tom Tykwer,Action Comedy Crime,
81,870671,484.338,더 헌팅,,4.9,['Horror'],Mark Andrew Hamer,Horror,
82,550988,362.767,프리 가이,,7.7,"['Comedy', 'Action', 'Adventure', 'Science Fiction']",Ronna Kress,Comedy Action Adventure Science Fiction,
83,753232,644.989,코만도,,6.5,"['Action', 'Crime', 'Thriller']",Philip Tan,Action Crime Thriller,
84,877183,476.957,심슨 가족의 플러스 기념일,,6.6,"['Animation', 'Comedy', 'Fantasy']",David Silverman,Animation Comedy Fantasy,
85,829358,359.086,Queen of Spades,,6.5,['Horror'],John Ainslie,Horror,
86,661231,361.21,민스미트 작전,,6.7,"['War', 'History', 'Drama']",Thomas Newman,War History Drama,
87,299536,407.714,어벤져스: 인피니티 워,,8.3,"['Adventure', 'Action', 'Science Fiction']",Alan Silvestri,Adventure Action Science Fiction,
88,890656,470.483,벤전스,,5.4,"['Action', 'Crime', 'Fantasy']",Chris Lowenstein,Action Crime Fantasy,
89,337404,397.799,크루엘라,,8.2,"['Comedy', 'Crime', 'Adventure']",Glenn Close,Comedy Crime Adventure,
90,955971,458.173,허니문 위드 마이 마더,,6.2,['Comedy'],Juan Gordon,Comedy,
91,675445,352.033,퍼피 구조대 더 무비,,7.5,"['Animation', 'Family', 'Adventure', 'Comedy', 'Science Fiction']",Ruth Lambert,Animation Family Adventure Comedy Science Fiction,
92,840439,448.12,Tarsilinha,,5.0,['Animation'],Zeca Baleiro,Animation,
93,522016,587.077,355,,6.0,"['Action', 'Thriller']",Tim Maurice-Jones,Action Thriller,
94,508943,344.785,루카,,7.9,"['Animation', 'Comedy', 'Family', 'Fantasy']",Ennio Morricone,Animation Comedy Family Fantasy,
95,597208,474.658,나이트메어 앨리,,7.0,"['Crime', 'Drama', 'Thriller']",Guillermo del Toro,Crime Drama Thriller,
96,385128,321.073,분노의 질주: 더 얼티메이트,,7.3,"['Action', 'Crime', 'Thriller', 'Adventure']",Sanja Milković Hays,Action Crime Thriller Adventure,
97,829920,541.95,Fate/Grand Order -종국특이점 관위시간신전 솔로몬-,,6.5,"['Animation', 'Action', 'Adventure', 'Fantasy']",Yoshinori Shiozawa,Animation Action Adventure Fantasy,
98,840882,511.72,위크엔드 어웨이,,6.0,"['Thriller', 'Mystery']",Frank Gaeta,Thriller Mystery,
99,589761,327.928,체르노빌 1986,,6.1,"['Drama', 'History', 'Adventure']",Varvara Avdyushko,Drama History Adventure,
100,632357,280.652,더 언홀리,,6.8,['Horror'],Sam Raimi,Horror,
101,507086,328.119,쥬라기 월드: 도미니언,,0.0,"['Adventure', 'Action', 'Science Fiction', 'Thriller']",Steven Spielberg,Adventure Action Science Fiction Thriller,
102,842052,414.011,Ecos de un crimen,,6.9,"['Thriller', 'Horror']",Ricardo Freixa,Thriller Horror,
103,928999,411.14,데스프릿 라이더즈,,6.1,"['Western', 'Action']",Christopher Roth,Western Action,
104,609972,344.228,파라노말 액티비티: 넥스트 오브 킨,,6.5,"['Horror', 'Mystery', 'Thriller']",Terri Taylor,Horror Mystery Thriller,
105,774741,286.287,윔피 키드,,6.4,"['Animation', 'Comedy', 'Family']",Brad Simpson,Animation Comedy Family,
106,811072,381.745,2,,5.4,"['Thriller', 'Horror']",Mar Targarona,Thriller Horror,
107,436969,327.838,더 수어사이드 스쿼드,,7.7,"['Action', 'Adventure', 'Fantasy']",Charles Roven,Action Adventure Fantasy,
108,516329,357.322,앤틀러스,,6.4,"['Drama', 'Horror', 'Mystery']",Ronna Kress,Drama Horror Mystery,
109,423108,278.357,컨저링 3: 악마가 시켰다,,7.6,"['Horror', 'Mystery', 'Thriller']",James Wan,Horror Mystery Thriller,
110,482321,347.271,고장난 론,,8.1,"['Animation', 'Science Fiction', 'Family', 'Comedy']",Sim Evan-Jones,Animation Science Fiction Family Comedy,
111,589754,260.415,Последний богатырь: Корень зла,,7.1,"['Fantasy', 'Adventure', 'Comedy']",George Kallis,Fantasy Adventure Comedy,
112,166426,302.625,캐리비안의 해적: 죽은 자는 말이 없다,,6.6,"['Adventure', 'Action', 'Fantasy']",Jerry Bruckheimer,Adventure Action Fantasy,
113,633802,256.131,다크 스펠,,6.7,"['Romance', 'Horror', 'Thriller']",Svyatoslav Podgaevsky,Romance Horror Thriller,
114,744,352.188,탑 건,,7.0,"['Action', 'Drama', 'Adventure']",Jerry Bruckheimer,Action Drama Adventure,
115,50468,307.271,닥터 스트레인지,,6.3,"['TV Movie', 'Action', 'Adventure', 'Fantasy', 'Science Fiction']",William H. Tuntke,TV Movie Action Adventure Fantasy Science Fiction,
116,766907,517.5,아메리칸 저스티스,,5.8,"['Action', 'Thriller', 'Crime', 'Drama']",Richard Adrian,Action Thriller Crime Drama,
117,818647,313.477,스루 마이 윈도,,7.6,"['Romance', 'Drama']",Adrián Guerra,Romance Drama,
118,379686,283.329,스페이스 잼: 새로운 시대,,7.0,"['Family', 'Animation', 'Comedy', 'Science Fiction']",Kim Coleman,Family Animation Comedy Science Fiction,
119,803104,329.793,섹스 어필,,6.6,"['Comedy', 'Romance']",Mickey Liddell,Comedy Romance,
120,451048,261.156,정글 크루즈,,7.5,"['Action', 'Adventure', 'Fantasy']",David Lazan,Action Adventure Fantasy,
121,691683,326.829,열두 명의 웬수들,,6.3,"['Family', 'Comedy']",Troy Takaki,Family Comedy,
122,497698,312.457,블랙 위도우,,7.4,"['Action', 'Adventure', 'Science Fiction']",Scarlett Johansson,Action Adventure Science Fiction,
123,703771,264.695,데스스트록: 나이츠 앤 드래곤즈,,6.9,"['Animation', 'Action', 'Adventure', 'Science Fiction']",Chris Prynoski,Animation Action Adventure Science Fiction,
124,438631,291.494,듄,,7.9,"['Science Fiction', 'Adventure']",Eric Roth,Science Fiction Adventure,
125,399566,277.02,고질라 VS. 콩,,7.8,"['Action', 'Fantasy', 'Science Fiction']",Terry Rossio,Action Fantasy Science Fiction,
126,791373,274.272,잭 스나이더의 저스티스 리그,,8.3,"['Action', 'Adventure', 'Fantasy', 'Science Fiction']",Charles Roven,Action Adventure Fantasy Science Fiction,
127,522402,270.099,핀치,,8.1,"['Science Fiction', 'Drama', 'Adventure']",Robert Zemeckis,Science Fiction Drama Adventure,
128,523936,330.368,이스케이프 큐브,,6.1,"['Horror', 'Science Fiction', 'Drama', 'Thriller']",Joël Jacovella,Horror Science Fiction Drama Thriller,
129,619979,274.602,딥 워터,,5.7,"['Drama', 'Mystery', 'Thriller']",Arnon Milchan,Drama Mystery Thriller,
130,820511,243.785,Ripper Untold,,6.4,['Horror'],Steven Lawson,Horror,
131,916740,330.676,브레이즌,,4.9,"['Thriller', 'Mystery', 'Drama']",Peter Guber,Thriller Mystery Drama,
132,24428,297.751,어벤져스,,7.7,"['Science Fiction', 'Action', 'Adventure']",Alan Silvestri,Science Fiction Action Adventure,
133,775943,206.331,Llanto Maldito,,4.7,"['Horror', 'Drama']",Andres Beltran,Horror Drama,
134,299534,272.37,어벤져스: 엔드게임,,8.3,"['Adventure', 'Science Fiction', 'Action']",Alan Silvestri,Adventure Science Fiction Action,
135,795514,456.642,폴아웃,,7.4,['Drama'],Richard Adrian,Drama,
136,744275,281.241,애프터: 관계의 함정,,7.1,"['Romance', 'Drama']",Jennifer Gibgot,Romance Drama,
137,910596,323.505,Run Gun,,5.1,"['Action', 'Thriller']",Christopher Borrelli,Action Thriller,
138,810693,266.835,극장판 주술회전 0,,7.8,"['Animation', 'Action', 'Adventure', 'Mystery']",Fuminori Kizaki,Animation Action Adventure Mystery,
139,303857,265.456,드래곤볼 Z - 부활의 'F',,6.8,"['Action', 'Animation', 'Science Fiction']",Akira Toriyama,Action Animation Science Fiction,
140,685274,325.07,기동전사 건담: 섬광의 하사웨이,,7.6,"['Animation', 'Action', 'Drama', 'Science Fiction']",Hiroyuki Okiura,Animation Action Drama Science Fiction,
141,811592,384.172,원샷,,6.8,['Action'],Peter Hampden,Action,
142,739413,374.145,마더/안드로이드,,5.8,"['Science Fiction', 'Thriller']",Matt Reeves,Science Fiction Thriller,
143,610150,239.928,드래곤볼 슈퍼: 슈퍼 히어로,,0.0,"['Animation', 'Science Fiction', 'Action']",Akira Toriyama,Animation Science Fiction Action,
144,527774,222.462,라야와 마지막 드래곤,,8.0,"['Animation', 'Family', 'Fantasy', 'Action', 'Adventure']",James Newton Howard,Animation Family Fantasy Action Adventure,
145,631843,233.883,올드,,6.6,"['Thriller', 'Mystery', 'Horror']",Douglas Aibel,Thriller Mystery Horror,
146,370172,282.976,007 노 타임 투 다이,,7.5,"['Adventure', 'Action', 'Thriller']",Hans Zimmer,Adventure Action Thriller,
147,615904,238.562,메리 미,,6.9,"['Romance', 'Comedy', 'Music']",John Debney,Romance Comedy Music,
148,876716,307.544,안녕 알베르토,,7.5,"['Animation', 'Comedy', 'Family', 'Fantasy']",Pete Docter,Animation Comedy Family Fantasy,
149,739993,252.992,메탈 로드,,6.8,"['Comedy', 'Drama', 'Music']",David Benioff,Comedy Drama Music,
150,763788,311.22,데인저러스,,6.3,"['Action', 'Thriller']",David Hackl,Action Thriller,
151,135397,238.298,쥬라기 월드,,6.7,"['Action', 'Adventure', 'Science Fiction', 'Thriller']",Steven Spielberg,Action Adventure Science Fiction Thriller,
152,529203,211.207,크루즈 패밀리: 뉴 에이지,,7.6,"['Animation', 'Family', 'Adventure', 'Fantasy', 'Comedy']",Mark Mothersbaugh,Animation Family Adventure Fantasy Comedy,
153,293660,228.655,데드풀,,7.6,"['Action', 'Adventure', 'Comedy']",Ronna Kress,Action Adventure Comedy,
154,639721,224.956,아담스 패밀리 2,,7.1,"['Animation', 'Adventure', 'Comedy', 'Family']",Mychael Danna,Animation Adventure Comedy Family,
155,76600,228.883,아바타: 물의 길,,0.0,"['Action', 'Adventure', 'Fantasy', 'Science Fiction']",Stephen E. Rivkin,Action Adventure Fantasy Science Fiction,
156,545611,244.275,에브리씽 에브리웨어 올 앳 원스,,8.6,"['Action', 'Adventure', 'Science Fiction', 'Comedy']",Sarah Halley Finn,Action Adventure Science Fiction Comedy,
157,918832,294.391,Curious George: Cape Ahoy,,2.4,"['Animation', 'Adventure', 'Comedy']",Chuck Tately,Animation Adventure Comedy,
158,505026,216.356,나일 강의 죽음,,6.5,"['Crime', 'Drama', 'Mystery', 'Thriller']",Ridley Scott,Crime Drama Mystery Thriller,
159,726684,209.242,"미라큘러스 월드: 상하이, 레이디 드레곤의 전설",,7.9,"['Animation', 'Comedy', 'Family', 'Adventure']",Frédéric Lenoir,Animation Comedy Family Adventure,
160,671,269.871,해리 포터와 마법사의 돌,,7.9,"['Adventure', 'Fantasy']",John Williams,Adventure Fantasy,
161,755812,221.293,"미라큘러스 월드 : 뉴욕, 하나 된 영웅들",,8.3,"['Animation', 'Family', 'Comedy', 'Adventure', 'TV Movie']",Sébastien Thibaudeau,Animation Family Comedy Adventure TV Movie,
162,871799,287.613,퍼수트,,5.6,"['Action', 'Crime', 'Thriller']",Andrew Stevens,Action Crime Thriller,
163,682344,274.397,우박 맞은 날,,6.2,"['Comedy', 'Drama']",Marcos Carnevale,Comedy Drama,
164,800407,222.73,댄싱 온 글래스,,5.9,['Drama'],Jorge Naranjo,Drama,
165,895001,282.55,더 홀 트루스,,6.3,['Horror'],Wisit Sasanatieng,Horror,
166,751237,215.961,UMMA: 엄마,,5.9,"['Horror', 'Mystery']",Kevin Greutert,Horror Mystery,
167,926980,278.54,더 프리빌리지,,5.0,['Horror'],Philipp F. Kölmel,Horror,
168,754934,387.81,선,,6.1,"['Horror', 'Thriller']",Sig De Miguel,Horror Thriller,
169,839436,276.574,던전 드래곤,,6.3,"['Horror', 'Fantasy', 'Mystery']",Scott Jeffrey,Horror Fantasy Mystery,
170,482373,204.573,맨 인 더 다크 2,,7.4,"['Thriller', 'Horror']",Sam Raimi,Thriller Horror,
171,592350,348.47,나의 히어로 아카데미아 더 무비: 히어로즈 라이징,,8.3,"['Animation', 'Action', 'Fantasy', 'Adventure']",Masafumi Mima,Animation Action Fantasy Adventure,
172,671318,197.653,¿Y cómo es él?,,5.8,['Comedy'],Ben Odell,Comedy,
173,770254,253.139,우리 함께 아웃백으로!,,7.7,"['Animation', 'Family', 'Adventure', 'Comedy']",Jeanne McCarthy,Animation Family Adventure Comedy,
174,765119,241.331,더 버블,,4.8,['Comedy'],Michael Andrews,Comedy,
175,520763,193.145,콰이어트 플레이스 2,,7.6,"['Science Fiction', 'Thriller', 'Horror']",Nancy Haigh,Science Fiction Thriller Horror,
176,588228,235.728,내일의 전쟁,,8.0,"['Action', 'Science Fiction', 'Adventure']",David S. Goyer,Action Science Fiction Adventure,
177,756403,379.064,리버댄스: 애니메이션 어드벤처,,5.7,"['Animation', 'Fantasy', 'Music', 'Adventure', 'Comedy', 'Family']",Bill Whelan,Animation Fantasy Music Adventure Comedy Family,
178,14836,206.97,코렐라인: 비밀의 문,,7.8,"['Animation', 'Family', 'Fantasy']",Ronald Sanders,Animation Family Fantasy,
179,1930,223.28,어메이징 스파이더맨,,6.7,"['Action', 'Adventure', 'Fantasy']",Francine Maisler,Action Adventure Fantasy,
180,581726,198.592,인피니트,,6.7,"['Science Fiction', 'Action', 'Thriller']",Priscilla John,Science Fiction Action Thriller,
181,317442,211.879,나루토 질풍전 극장판 7기 - 더 라스트 - 나루토 더 무비,,7.8,"['Action', 'Romance', 'Animation']",Hirotsugu Kawasaki,Action Romance Animation,
182,13811,185.896,노잉,,6.1,"['Action', 'Mystery', 'Science Fiction', 'Thriller']",Steve Tisch,Action Mystery Science Fiction Thriller,
183,354912,210.974,코코,,8.2,"['Family', 'Animation', 'Fantasy', 'Music', 'Comedy', 'Adventure']",Lee Unkrich,Family Animation Fantasy Music Comedy Adventure,
184,214756,239.818,19곰 테드2,,6.3,['Comedy'],Sheila Jaffe,Comedy,
185,859041,258.235,疯狂的拳头,,7.0,['Action'],Qing Guo,Action,
186,672582,192.071,딥 하우스,,6.4,['Horror'],Louis Leterrier,Horror,
187,637649,207.063,캐시트럭,,7.7,"['Action', 'Crime', 'Thriller']",Guy Ritchie,Action Crime Thriller,
188,568620,239.412,스네이크 아이즈: 지.아이.조,,6.7,"['Action', 'Adventure']",Martin Todsharow,Action Adventure,
189,774021,170.711,시그널 X: 영혼의 구역,,4.8,"['Horror', 'Thriller']",Rich Walters,Horror Thriller,
190,617653,272.846,라스트 듀얼: 최후의 결투,,7.5,"['Action', 'Drama', 'History']",Dariusz Wolski,Action Drama History,
191,20982,201.208,나루토 질풍전 극장판 1기 - 나루토의 죽음,,7.2,"['Animation', 'Action', 'Fantasy']",Hirotsugu Kawasaki,Animation Action Fantasy,
192,670429,348.75,위치 헌트,,7.1,"['Fantasy', 'Horror', 'Thriller', 'Drama']",Elizabeth Mitchell,Fantasy Horror Thriller Drama,
193,674,215.86,해리 포터와 불의 잔,,7.8,"['Adventure', 'Fantasy', 'Family']",Roger Pratt,Adventure Fantasy Family,
194,610253,203.664,할로윈 킬즈,,6.7,"['Horror', 'Thriller']",Terri Taylor,Horror Thriller,
195,270303,186.313,팔로우,,6.6,"['Horror', 'Mystery']",Robert Kurtzman,Horror Mystery,
196,939336,247.146,The Wonderful Winter of Mickey Mouse,,6.1,"['Animation', 'Comedy']",Darrick Bachman,Animation Comedy,
197,763164,230.01,에이펙스,,5.4,"['Action', 'Thriller', 'Science Fiction']",Corey Large,Action Thriller Science Fiction,
198,767,227.156,해리 포터와 혼혈 왕자,,7.7,"['Adventure', 'Fantasy']",Bruno Delbonnel,Adventure Fantasy,
199,198663,232.898,메이즈 러너,,7.2,"['Action', 'Mystery', 'Science Fiction', 'Thriller']",Denise Chamian,Action Mystery Science Fiction Thriller,
200,626735,197.233,도그,,7.3,"['Drama', 'Comedy']",Thomas Newman,Drama Comedy,
201,259316,279.32,신비한 동물사전,,7.4,"['Action', 'Adventure', 'Fantasy']",Anna Pinnock,Action Adventure Fantasy,
202,821427,211.104,더 노비스,,6.5,"['Drama', 'Thriller']",Alisa Krost,Drama Thriller,
203,602223,171.845,더 퍼지: 포에버,,7.2,"['Horror', 'Action', 'Thriller']",Terri Taylor,Horror Action Thriller,
204,400160,187.829,스폰지밥 무비: 핑핑이 구출 대작전,,7.6,"['Family', 'Animation', 'Fantasy', 'Adventure', 'Comedy']",Hans Zimmer,Family Animation Fantasy Adventure Comedy,
205,118,164.525,찰리와 초콜릿 공장,,7.0,"['Adventure', 'Comedy', 'Family', 'Fantasy']",Tim Burton,Adventure Comedy Family Fantasy,
206,896221,239.355,Trolls Holiday in Harmony,,7.4,"['Animation', 'Fantasy', 'Family']",Sean Charmatz,Animation Fantasy Family,
207,848278,239.262,쥬라기 헌트,,5.0,"['Action', 'Science Fiction', 'Thriller']",Phillip B. Goldfine,Action Science Fiction Thriller,
208,324786,196.163,핵소 고지,,8.2,"['Drama', 'History', 'War']",Lawrence Bender,Drama History War,
209,458576,182.778,몬스터 헌터,,6.8,"['Action', 'Fantasy', 'Adventure']",Paul W. S. Anderson,Action Fantasy Adventure,
210,522444,162.305,블랙 워터: 아비스,,5.2,"['Horror', 'Thriller', 'Adventure', 'Mystery']",Christopher Figg,Horror Thriller Adventure Mystery,
211,351286,182.197,쥬라기 월드: 폴른 킹덤,,6.6,"['Action', 'Adventure', 'Science Fiction']",Steven Spielberg,Action Adventure Science Fiction,
212,760195,149.392,세퍼레이션,,5.8,"['Horror', 'Drama']",Brian Berdan,Horror Drama,
213,372058,188.175,너의 이름은.,,8.5,"['Romance', 'Animation', 'Drama']",Takeshi Inamura,Romance Animation Drama,
214,675,192.708,해리 포터와 불사조 기사단,,7.7,"['Adventure', 'Fantasy', 'Mystery']",Slawomir Idziak,Adventure Fantasy Mystery,
215,99861,199.248,어벤져스: 에이지 오브 울트론,,7.3,"['Action', 'Adventure', 'Science Fiction']",Danny Elfman,Action Adventure Science Fiction,
216,762433,253.361,제로스 앤 원스,,5.2,"['Thriller', 'War']",Diana Phillips,Thriller War,
217,796499,199.394,아미 오브 더 데드: 도둑들,,6.9,"['Crime', 'Comedy']",Hans Zimmer,Crime Comedy,
218,464052,237.572,원더 우먼 1984,,6.6,"['Action', 'Adventure', 'Fantasy']",Lucinda Syson,Action Adventure Fantasy,
219,793967,325.291,포비아스,,5.5,"['Horror', 'Thriller']",Camilla Belle,Horror Thriller,
220,38234,189.54,언디스퓨티드 3:  리뎀션,,7.5,"['Action', 'Thriller']",Avi Lerner,Action Thriller,
221,508442,171.887,소울,,8.2,"['Animation', 'Comedy', 'Fantasy', 'Family']",Trent Reznor,Animation Comedy Fantasy Family,
222,784500,324.313,미소녀 전사 세일러 문 이터널 - 파트 2,,8.1,"['Animation', 'Action', 'Adventure', 'Comedy', 'Drama', 'Fantasy', 'Romance']",Kazuyuki Fudeyasu,Animation Action Adventure Comedy Drama Fantasy Romance,
223,673,207.156,해리 포터와 아즈카반의 죄수,,8.0,"['Adventure', 'Fantasy']",John Williams,Adventure Fantasy,
224,818397,323.798,메모리,,7.2,"['Mystery', 'Thriller', 'Action', 'Crime']",Daniel Hubbard,Mystery Thriller Action Crime,
225,525660,174.123,진삼국무쌍,,6.4,"['Action', 'Adventure', 'Fantasy']",Roy Chow Hin-Yeung,Action Adventure Fantasy,
226,862,196.451,토이 스토리,,8.0,"['Animation', 'Adventure', 'Family', 'Comedy']",Andrew Stanton,Animation Adventure Family Comedy,
227,672,203.285,해리 포터와 비밀의 방,,7.7,"['Adventure', 'Fantasy']",John Williams,Adventure Fantasy,
228,768447,210.7,마더 앤 머더,,7.0,"['Thriller', 'Horror']",Avi Federgreen,Thriller Horror,
229,159211,167.118,잔혹 동화 : 헌팅 오브 엘레나,,5.6,"['Horror', 'Thriller']",Stefano Maria Mioni,Horror Thriller,
230,587807,188.844,톰과 제리,,7.0,"['Comedy', 'Family', 'Animation']",Lucinda Syson,Comedy Family Animation,
231,745881,160.714,랑종,,7.1,"['Horror', 'Thriller']",Na Hong-jin,Horror Thriller,
232,719088,308.954,"예스, 노 또는 반반",,7.1,"['Animation', 'Drama', 'Romance']",Masahiro Takata,Animation Drama Romance,
233,719088,308.954,"예스, 노 또는 반반",,7.1,"['Animation', 'Drama', 'Romance']",Masahiro Takata,Animation Drama Romance,
234,949218,222.965,S.O.S. Mamis: La película,,5.7,['Comedy'],Miguel Asensio Llamas,Comedy,
235,573164,152.61,Un rescate de huevitos,,8.0,"['Animation', 'Comedy']",Rodolfo Riva Palacio Alatriste,Animation Comedy,
236,813258,171.929,Monster Pets: A Hotel Transylvania Short,,7.5,"['Animation', 'Comedy', 'Fantasy']",Mark Mothersbaugh,Animation Comedy Fantasy,
237,347201,197.349,보루토 - 나루토 더 무비,,7.6,"['Animation', 'Action', 'Comedy']",Masuo Ueda,Animation Action Comedy,
238,383498,176.803,데드풀 2,,7.5,"['Action', 'Comedy', 'Adventure']",James Mangold,Action Comedy Adventure,
239,338952,232.771,신비한 동물들과 그린델왈드의 범죄,,6.9,"['Action', 'Adventure', 'Fantasy']",Anna Pinnock,Action Adventure Fantasy,
240,453354,168.863,아바,,6.0,['Drama'],Jean-Louis Livi,Drama,
241,783558,187.762,Envole-moi,,6.9,"['Comedy', 'Drama']",Yves Deschamps,Comedy Drama,
242,10138,193.512,아이언맨 2,,6.8,"['Adventure', 'Action', 'Science Fiction']",Justin Theroux,Adventure Action Science Fiction,
243,885110,216.422,아미나: 전사의 이름,,6.5,"['War', 'History', 'Drama']",Jennifer Meyers,War History Drama,
244,944664,215.708,위드아웃 세잉 굿바이,,6.8,"['Comedy', 'Romance']",Bruno Ascenzo,Comedy Romance,
245,24021,173.793,이클립스,,6.2,"['Adventure', 'Fantasy', 'Drama', 'Romance']",Howard Shore,Adventure Fantasy Drama Romance,
246,611651,232.13,세이터,,5.4,['Horror'],Jordan Graham,Horror,
247,831223,297.961,Gone Mom: The Disappearance of Jennifer Dulos,,7.7,"['TV Movie', 'Thriller', 'Crime']",Gail Harvey,TV Movie Thriller Crime,
248,747440,179.874,Bis wir tot sind oder frei,,6.0,"['Drama', 'Crime']",Oliver Rihs,Drama Crime,
249,929472,211.065,이랙스,,5.0,"['Mystery', 'Family']",Henry G.M. Jones,Mystery Family,
250,532710,159.27,파이어스타터,,6.3,"['Thriller', 'Fantasy', 'Horror']",Stephen King,Thriller Fantasy Horror,
251,828853,264.679,잭애스 4.5,,6.8,"['Comedy', 'Documentary', 'Action']",Spike Jonze,Comedy Documentary Action,
252,823610,254.983,씰 팀,,7.1,"['Animation', 'Family', 'Comedy']",Ned Lott,Animation Family Comedy,
253,474350,178.539,그것: 두 번째 이야기,,6.9,"['Horror', 'Fantasy']",Stephanie Gorin,Horror Fantasy,
254,573531,172.011,헤일로 레전드,,7.4,"['Animation', 'War', 'Drama']",Mamoru Oshii,Animation War Drama,
255,12445,184.305,해리 포터와 죽음의 성물 2,,8.1,"['Fantasy', 'Adventure']",Alexandre Desplat,Fantasy Adventure,
256,943158,204.71,Un Rabón Con Corazón,,6.6,['Comedy'],Juan Carlos Vásquez,Comedy,
257,106646,167.273,더 울프 오브 월 스트리트,,8.0,"['Crime', 'Drama', 'Comedy']",Rodrigo Prieto,Crime Drama Comedy,
258,138843,152.93,컨저링,,7.5,"['Horror', 'Thriller']",James Wan,Horror Thriller,
259,315635,180.49,스파이더맨: 홈커밍,,7.4,"['Action', 'Adventure', 'Science Fiction', 'Drama']",Louise Frogley,Action Adventure Science Fiction Drama,
260,613504,182.112,애프터: 그 후,,7.3,"['Romance', 'Drama']",Roger Kumble,Romance Drama,
261,12444,175.104,해리 포터와 죽음의 성물 1,,7.8,"['Adventure', 'Fantasy']",Alexandre Desplat,Adventure Fantasy,
262,785521,179.797,배틀: 프리스타일,,5.1,"['Romance', 'Drama']",Synnøve Hørsdal,Romance Drama,
263,776797,152.178,더 새드니스,,6.6,"['Horror', 'Action', 'Thriller']",Robert Jabbaz,Horror Action Thriller,
264,532067,246.994,이 멋진 세계에 축복을! 붉은 전설,,8.3,"['Animation', 'Adventure', 'Comedy', 'Fantasy']",Tooru Yoshida,Animation Adventure Comedy Fantasy,
265,126963,166.918,드래곤볼Z: 신들의 전쟁,,6.8,"['Animation', 'Action', 'Science Fiction']",Akira Toriyama,Animation Action Science Fiction,
266,846214,198.622,심슨 가족: 좋은 놈 바트 놈 로키 놈,,7.5,"['Animation', 'Comedy', 'Family']",David Silverman,Animation Comedy Family,
267,514847,126.734,헌트,,6.7,"['Action', 'Thriller', 'Horror']",Terri Taylor,Action Thriller Horror,
268,826953,200.157,꿈은 브로드웨이로 간다,,6.7,"['Music', 'Family', 'Comedy']",Jane Musky,Music Family Comedy,
269,539885,160.495,에이바,,5.7,"['Action', 'Crime', 'Drama', 'Thriller']",Zach Staenberg,Action Crime Drama Thriller,
270,177572,165.001,빅 히어로,,7.7,"['Adventure', 'Family', 'Animation', 'Action', 'Comedy']",John Lasseter,Adventure Family Animation Action Comedy,
271,585,163.775,몬스터 주식회사,,7.8,"['Animation', 'Comedy', 'Family']",Andrew Stanton,Animation Comedy Family,
272,571891,230.39,극장판 포켓몬스터: 뮤츠의 역습 EVOLUTION,,6.7,"['Animation', 'Adventure', 'Fantasy', 'Action', 'Family']",Motonori Sakakibara,Animation Adventure Fantasy Action Family,
273,861057,195.525,Swim,,7.0,"['Horror', 'Action']",David Michael Latt,Horror Action,
274,831827,202.85,나무 저 너머엔,,8.1,"['Animation', 'Family']",Jennifer Lee,Animation Family,
275,744276,162.638,After Ever Happy,,0.0,['Romance'],Jennifer Gibgot,Romance,
276,928769,195.138,AI가 당신을 사랑해요,,5.5,"['Comedy', 'Romance', 'Science Fiction']",Philip Gelatt,Comedy Romance Science Fiction,
277,8587,171.39,라이온 킹,,8.3,"['Family', 'Animation', 'Drama']",Mark A. Mangini,Family Animation Drama,
278,531219,146.916,로알드 달의 마녀를 잡아라,,6.5,"['Family', 'Fantasy', 'Adventure', 'Comedy', 'Horror']",Alan Silvestri,Family Fantasy Adventure Comedy Horror,
279,615457,145.856,노바디,,8.2,"['Action', 'Crime', 'Thriller']",Tobey Maguire,Action Crime Thriller,
280,8645,136.071,해프닝,,5.3,"['Thriller', 'Science Fiction']",Sam Mercer,Thriller Science Fiction,
281,14830,205.314,닥터 스트레인지,,6.9,"['Action', 'Animation', 'Fantasy', 'Science Fiction']",Stan Lee,Action Animation Fantasy Science Fiction,
282,271110,163.052,캡틴 아메리카: 시빌 워,,7.4,"['Adventure', 'Action', 'Science Fiction']",Sala Baker,Adventure Action Science Fiction,
283,271110,163.052,캡틴 아메리카: 시빌 워,,7.4,"['Adventure', 'Action', 'Science Fiction']",Sala Baker,Adventure Action Science Fiction,
284,953300,192.748,마릴린 먼로 미스터리: 비공개 테이프,,6.3,['Documentary'],Chris Smith,Documentary,
285,537915,170.46,애프터,,7.2,"['Romance', 'Drama']",Mary Vernieu,Romance Drama,
286,57214,147.704,프로젝트 X,,6.8,['Comedy'],Joel Silver,Comedy,
287,284053,161.359,토르: 라그나로크,,7.6,"['Action', 'Adventure', 'Fantasy', 'Science Fiction']",Zoë Bell,Action Adventure Fantasy Science Fiction,
288,808,162.138,슈렉,,7.7,"['Animation', 'Comedy', 'Fantasy', 'Adventure', 'Family']",Ted Elliott,Animation Comedy Fantasy Adventure Family,
289,728526,244.19,엔카운터,,6.5,"['Adventure', 'Drama']",Avy Kaufman,Adventure Drama,
290,429617,150.97,스파이더맨: 파 프롬 홈,,7.5,"['Action', 'Adventure', 'Science Fiction']",Sarah Halley Finn,Action Adventure Science Fiction,
291,637693,133.026,스피릿,,7.5,"['Animation', 'Adventure', 'Family', 'Western']",John Fusco,Animation Adventure Family Western,
292,447404,146.36,명탐정 피카츄,,7.0,"['Action', 'Adventure', 'Fantasy']",Jina Jay,Action Adventure Fantasy,
293,862491,186.454,캣우먼: 헌티드,,6.0,"['Animation', 'Action', 'Crime']",Michael Uslan,Animation Action Crime,
294,554581,126.577,Loca por el trabajo,,7.8,['Comedy'],Óscar Figueroa,Comedy,
295,591120,172.542,해적: 도깨비 깃발,,6.7,"['Action', 'Adventure', 'Comedy', 'History']",Kwon Yoo-jin,Action Adventure Comedy History,
296,571265,259.406,디지몬 어드벤처 라스트 에볼루션 : 인연,,8.0,"['Animation', 'Action', 'Thriller', 'Adventure', 'Fantasy']",Eiji Iwase,Animation Action Thriller Adventure Fantasy,
297,767825,179.225,문샷,,7.2,"['Comedy', 'Romance', 'Science Fiction']",Kristy Carlson,Comedy Romance Science Fiction,
298,72105,156.683,19곰 테드,,6.4,"['Comedy', 'Fantasy']",Sheila Jaffe,Comedy Fantasy,
299,425,156.474,아이스 에이지,,7.3,"['Animation', 'Comedy', 'Family', 'Adventure']",David Silverman,Animation Comedy Family Adventure,
300,706972,144.319,나르코 서브,,6.7,"['Action', 'Drama', 'Crime']",Shawn Welling,Action Drama Crime,
301,588921,137.023,아인보: 스피릿 오브 디 아마존,,7.0,"['Adventure', 'Animation', 'Family', 'Fantasy']",Ned Lott,Adventure Animation Family Fantasy,
302,675024,113.104,El Exorcismo de Carmen Farías,,6.2,['Horror'],David Torres,Horror,
303,826749,254.793,포트리스,,6.2,"['Crime', 'Action', 'Thriller']",George Furla,Crime Action Thriller,
304,522478,130.064,피터 래빗 2: 파 프롬 가든,,7.3,"['Family', 'Comedy', 'Adventure', 'Animation', 'Fantasy']",Roger Ford,Family Comedy Adventure Animation Fantasy,
305,511809,141.773,웨스트 사이드 스토리,,7.2,"['Drama', 'Romance', 'Crime']",Steven Spielberg,Drama Romance Crime,
306,337339,189.274,분노의 질주: 더 익스트림,,6.9,"['Action', 'Crime', 'Thriller']",Harry Cohen,Action Crime Thriller,
307,763148,136.752,타임 이즈 업,,6.3,"['Romance', 'Drama']",Elisa Amoruso,Romance Drama,
308,631132,253.063,고블린 슬레이어 -GOBLIN'S CROWN-,,7.6,"['Animation', 'Adventure', 'Action', 'Fantasy']",Hideyuki Kurata,Animation Adventure Action Fantasy,
309,805411,160.913,디센던츠: 로얄 웨딩,,7.1,"['TV Movie', 'Animation', 'Comedy', 'Family', 'Drama']",Sara Parriott,TV Movie Animation Comedy Family Drama,
310,623135,131.528,싱크홀,,7.1,"['Comedy', 'Drama']",Shin Min-kyung,Comedy Drama,
311,863,154.079,토이 스토리 2,,7.6,"['Animation', 'Comedy', 'Family']",Andrew Stanton,Animation Comedy Family,
312,550205,134.531,위시 드래곤,,8.1,"['Animation', 'Family', 'Comedy', 'Fantasy']",Aron Warner,Animation Family Comedy Fantasy,
313,22894,141.729,리전,,5.8,"['Horror', 'Action', 'Fantasy']",Wendy Partridge,Horror Action Fantasy,
314,10195,145.561,토르: 천둥의 신,,6.8,"['Adventure', 'Fantasy', 'Action']",Paul Rubell,Adventure Fantasy Action,
315,337401,143.133,뮬란,,7.0,"['Adventure', 'Fantasy', 'Drama']",Chris Bender,Adventure Fantasy Drama,
316,505262,154.335,나의 히어로 아카데미아 더 무비: 두 명의 히어로,,8.0,"['Animation', 'Action', 'Adventure', 'Fantasy']",Masafumi Mima,Animation Action Adventure Fantasy,
317,962697,178.576,우리의 아버지,,6.8,"['Documentary', 'Crime']",Jason Blum,Documentary Crime,
318,823609,155.1,Monster Family 2,,7.0,"['Animation', 'Family']",Stephan Mallmann,Animation Family,
319,32657,137.637,퍼시 잭슨과 번개도둑,,6.2,"['Adventure', 'Fantasy', 'Family']",Janet Hirshenson,Adventure Fantasy Family,
320,348893,139.681,보이카: 언디스퓨티드 파이널,,7.0,"['Action', 'Drama']",Boaz Davidson,Action Drama,
321,529106,152.463,메이저 그롬: 플레이그 닥터,,6.7,"['Action', 'Adventure']",Michael Kitaev,Action Adventure,
322,850818,177.733,"바비: 빅 시티, 빅 드림스",,7.1,"['Animation', 'Music', 'Family']",Christopher Keenan,Animation Music Family,
323,102382,152.744,어메이징 스파이더맨 2,,6.5,"['Action', 'Adventure', 'Fantasy']",Hans Zimmer,Action Adventure Fantasy,
324,836009,147.906,얼어버린 시간 속에서,,6.9,"['Drama', 'Adventure', 'History']",Nikolaj Coster-Waldau,Drama Adventure History,
325,604822,121.077,뱅가드,,6.3,"['Action', 'Adventure', 'Crime']",Stanley Tong,Action Adventure Crime,
326,634528,132.881,마크맨,,7.0,"['Action', 'Thriller', 'Crime', 'Adventure']",Robert Lorenz,Action Thriller Crime Adventure,
327,122917,133.436,호빗: 다섯 군대 전투,,7.3,"['Action', 'Adventure', 'Fantasy']",Howard Shore,Action Adventure Fantasy,
328,676840,151.488,El amarre,,7.1,['Horror'],Simon Boswell,Horror,
329,420821,241.144,칩과 데일: 다람쥐 구조대,,7.3,"['Animation', 'Family', 'Comedy', 'Adventure', 'Mystery']",Martin Klebba,Animation Family Comedy Adventure Mystery,
330,330457,134.022,겨울왕국 2,,7.3,"['Family', 'Animation', 'Adventure', 'Comedy', 'Fantasy']",Christophe Beck,Family Animation Adventure Comedy Fantasy,
331,335983,147.053,베놈,,6.8,"['Science Fiction', 'Action']",John Papsidera,Science Fiction Action,
332,743439,129.218,PAW Patrol: Jet To The Rescue,,7.0,"['Family', 'Animation']",Charles E. Bastien,Family Animation,
333,481848,105.658,콜 오브 와일드,,7.6,"['Adventure', 'Family', 'Drama']",James Mangold,Adventure Family Drama,
334,384018,150.15,분노의 질주: 홉스 & 쇼,,6.9,"['Action', 'Adventure', 'Comedy']",Jason Statham,Action Adventure Comedy,
335,641501,117.882,나는 어떻게 슈퍼히어로가 되었는가,,6.2,"['Science Fiction', 'Adventure', 'Mystery', 'Action', 'Thriller', 'Fantasy', 'Comedy']",Alain Attal,Science Fiction Adventure Mystery Action Thriller Fantasy Comedy,
336,597,144.565,타이타닉,,7.9,"['Drama', 'Romance']",Christopher Boyes,Drama Romance,
337,843906,169.034,Straight Outta Nowhere: Scooby-Doo! Meets Courage the Cowardly Dog,,8.2,"['Animation', 'Comedy', 'Mystery', 'Family', 'Fantasy']",Joseph Barbera,Animation Comedy Mystery Family Fantasy,
338,39254,146.107,리얼 스틸,,6.9,"['Action', 'Science Fiction', 'Drama']",Robert Zemeckis,Action Science Fiction Drama,
339,899082,168.167,해리 포터 20주년: 리턴 투 호그와트,,7.8,['Documentary'],David Heyman,Documentary,
340,259693,123.971,컨저링 2,,7.3,"['Horror', 'Thriller']",Don Burgess,Horror Thriller,
341,767304,145.538,리뎀션 데이,,6.2,['Action'],Nancy Foy,Action,
342,882206,166.489,LOL 서프라이즈: 더 무비,,6.9,"['Animation', 'Family']",Julia Prescott,Animation Family,
343,809,153.902,슈렉 2,,7.2,"['Animation', 'Family', 'Comedy', 'Fantasy', 'Adventure']",Ted Elliott,Animation Family Comedy Fantasy Adventure,
344,845222,165.463,킹덤: 아신전,,7.5,"['Drama', 'Fantasy', 'Thriller']",Dalpalan,Drama Fantasy Thriller,
345,1726,139.82,아이언맨,,7.6,"['Action', 'Science Fiction', 'Adventure']",Hans Zimmer,Action Science Fiction Adventure,
346,845404,164.117,마디아 홈커밍,,6.9,['Comedy'],Kim Coleman,Comedy,
347,3933,118.039,유령 신부,,7.5,"['Romance', 'Fantasy', 'Animation']",Tim Burton,Romance Fantasy Animation,
348,741074,113.601,올라프의 탄생,,6.9,"['Animation', 'Family', 'Comedy', 'Fantasy']",Christophe Beck,Animation Family Comedy Fantasy,
349,618162,168.174,더 하더 데이 폴,,6.7,['Western'],Lawrence Bender,Western,
350,68726,131.409,퍼시픽 림,,6.8,"['Action', 'Science Fiction', 'Adventure']",David Cronenberg,Action Science Fiction Adventure,
351,672322,161.993,바람의 검심 최종장: 더 비기닝,,7.8,"['Action', 'Adventure', 'Drama']",Keishi Ōtomo,Action Adventure Drama,
352,772436,154.189,Matando Cabos 2: La Máscara del Máscara,,7.8,"['Action', 'Comedy', 'Adventure']",Alejandro Lozano,Action Comedy Adventure,
353,34433,133.136,드래곤볼 Z: 불타올라라!! 열전 열전 초격전! (구극장판 8기),,7.2,"['Animation', 'Science Fiction', 'Action']",Akira Toriyama,Animation Science Fiction Action,
354,787310,226.407,데스위시 더 게임,,5.9,"['Action', 'Thriller', 'Crime']",Randall Emmett,Action Thriller Crime,
355,630004,127.203,웨이 다운,,7.0,"['Crime', 'Action', 'Thriller']",Freddie Highmore,Crime Action Thriller,
356,2062,120.06,라따뚜이,,7.8,"['Animation', 'Comedy', 'Family', 'Fantasy']",Andrew Stanton,Animation Comedy Family Fantasy,
357,864390,160.801,Mickey and Minnie Wish Upon a Christmas,,6.9,['Animation'],Rob LaDuca,Animation,
358,228150,137.219,퓨리,,7.5,"['War', 'Drama', 'Action']",Brad Pitt,War Drama Action,
359,930701,160.433,"Sex, Shame and Tears 2",,4.5,"['Comedy', 'Drama']",Jorge Salinas,Comedy Drama,
360,890322,160.309,벚꽃 같은 나의 연인,,8.0,"['Romance', 'Drama']",Yoshihiro Fukagawa,Romance Drama,
361,592508,224.074,수리아반시,,5.8,"['Action', 'Crime', 'Thriller']",Akshay Kumar,Action Crime Thriller,
362,785538,125.19,7명의 포로,,7.1,"['Drama', 'Crime']",Fernando Meirelles,Drama Crime,
363,740925,119.232,아무도 살아서 나갈 수 없다,,6.0,"['Horror', 'Thriller', 'Mystery']",Andy Serkis,Horror Thriller Mystery,
364,825997,158.649,레드 아워,,6.1,"['Action', 'Thriller']",Jon Keeyes,Action Thriller,
365,527641,134.686,파이브 피트,,8.3,"['Romance', 'Drama']",Walter Spencer,Romance Drama,
366,790142,148.867,로열 트리트먼트,,6.7,"['Romance', 'Comedy']",Barbara Darragh,Romance Comedy,
367,50014,108.408,헬프,,8.2,['Drama'],Thomas Newman,Drama,
368,260514,130.187,카 3: 새로운 도전,,6.8,"['Animation', 'Adventure', 'Comedy', 'Family']",Bob Peterson,Animation Adventure Comedy Family,
369,831405,110.001,인저스티스,,7.7,"['Animation', 'Science Fiction', 'Fantasy', 'Action']",Michael Uslan,Animation Science Fiction Fantasy Action,
370,656991,216.959,와일드 인디언,,6.2,"['Crime', 'Drama', 'Thriller']",Jesse Eisenberg,Crime Drama Thriller,
371,14161,143.274,2012,,5.8,"['Action', 'Adventure', 'Science Fiction']",Larry J. Franco,Action Adventure Science Fiction,
372,871964,156.52,그 숲에선 누구도 잠들 수 없다 2,,4.1,"['Horror', 'Thriller', 'Comedy']",Bartosz M. Kowalski,Horror Thriller Comedy,
373,630586,110.015,데드 캠프: 리부트,,6.0,"['Horror', 'Thriller']",Robert Kulzer,Horror Thriller,
374,72190,163.808,월드워Z,,6.8,"['Action', 'Drama', 'Horror', 'Science Fiction', 'Thriller']",Brad Pitt,Action Drama Horror Science Fiction Thriller,
375,503736,114.336,아미 오브 더 데드,,6.3,"['Action', 'Crime', 'Horror', 'Thriller']",John Papsidera,Action Crime Horror Thriller,
376,22832,115.382,닌자 어쌔신,,6.5,['Action'],Lucinda Syson,Action,
377,574060,170.329,건파우더 밀크셰이크,,6.4,"['Action', 'Crime', 'Thriller']",Manfred Banach,Action Crime Thriller,
378,597316,119.905,극장판 마이 리틀 포니: 새로운 희망,,7.9,"['Animation', 'Family', 'Fantasy', 'Comedy', 'Music', 'Adventure']",Tim Sullivan,Animation Family Fantasy Comedy Music Adventure,
379,278,64.239,쇼생크 탈출,,8.7,"['Drama', 'Crime']",Thomas Newman,Drama Crime,
380,19404,15.983,용감한 자가 신부를 데려가리,,8.7,"['Comedy', 'Drama', 'Romance']",Farah Khan,Comedy Drama Romance,
381,238,63.372,대부,,8.7,"['Drama', 'Crime']",Francis Ford Coppola,Drama Crime,
382,424,45.515,쉰들러 리스트,,8.6,"['Drama', 'History', 'War']",John Williams,Drama History War,
383,240,44.701,대부 2,,8.6,"['Drama', 'Crime']",Walter Murch,Drama Crime,
384,667257,25.685,Cosas imposibles,,8.6,"['Family', 'Drama']",Jorge Macaya,Family Drama,
385,545611,244.275,에브리씽 에브리웨어 올 앳 원스,,8.6,"['Action', 'Adventure', 'Science Fiction', 'Comedy']",Sarah Halley Finn,Action Adventure Science Fiction Comedy,
386,372754,10.701,동급생,,8.6,"['Romance', 'Animation']",Shigeru Nishiyama,Romance Animation,
387,129,75.328,센과 치히로의 행방불명,,8.5,"['Animation', 'Family', 'Fantasy']",Hayao Miyazaki,Animation Family Fantasy,
388,372058,188.175,너의 이름은.,,8.5,"['Romance', 'Animation', 'Drama']",Takeshi Inamura,Romance Animation Drama,
389,696374,9.167,가브리엘의 지옥,,8.5,['Romance'],Tosca Musk,Romance,
390,724089,11.83,가브리엘의 지옥 파트 2,,8.5,['Romance'],Denis Maloney,Romance,
391,496243,65.863,기생충,,8.5,"['Comedy', 'Thriller', 'Drama']",Bong Joon-ho,Comedy Thriller Drama,
392,389,17.834,12명의 성난 사람들,,8.5,['Drama'],Henry Fonda,Drama,
393,497,70.986,그린 마일,,8.5,"['Fantasy', 'Drama', 'Crime']",Thomas Newman,Fantasy Drama Crime,
394,155,82.114,다크 나이트,,8.5,"['Drama', 'Action', 'Crime', 'Thriller']",Lucinda Syson,Drama Action Crime Thriller,
395,761053,22.605,Gabriel's Inferno: Part III,,8.5,"['Romance', 'Comedy']",Tosca Musk,Romance Comedy,
396,533514,21.604,극장판 바이올렛 에버가든,,8.5,"['Animation', 'Fantasy', 'Romance', 'Drama']",Reiko Yoshida,Animation Fantasy Romance Drama,
397,680,48.552,펄프 픽션,,8.5,"['Thriller', 'Crime']",Quentin Tarantino,Thriller Crime,
398,429,35.265,석양에 돌아오다,,8.5,['Western'],Gray Frederickson,Western,
399,122,98.561,반지의 제왕: 왕의 귀환,,8.5,"['Adventure', 'Fantasy', 'Action']",Barrie M. Osborne,Adventure Fantasy Action,
400,730154,56.914,유어 아이즈 텔,,8.5,"['Romance', 'Drama']",Mitsuru Komiyama,Romance Drama,
401,13,50.883,포레스트 검프,,8.5,"['Comedy', 'Drama', 'Romance']",Alan Silvestri,Comedy Drama Romance,
402,11216,17.268,시네마 천국,,8.5,"['Drama', 'Romance']",Ennio Morricone,Drama Romance,
403,346,19.001,7인의 사무라이,,8.5,"['Action', 'Drama']",Akira Kurosawa,Action Drama,
404,652837,19.269,"조제, 호랑이 그리고 물고기들",,8.5,"['Animation', 'Drama', 'Romance']",Masahiko Minami,Animation Drama Romance,
405,769,27.93,좋은 친구들,,8.5,"['Drama', 'Crime']",Martin Scorsese,Drama Crime,
406,637,38.567,인생은 아름다워,,8.5,"['Comedy', 'Drama']",John Davis,Comedy Drama,
407,311,23.479,원스 어폰 어 타임 인 아메리카,,8.4,"['Drama', 'Crime']",Arnon Milchan,Drama Crime,
408,40096,8.367,어 독스 윌,,8.4,"['Comedy', 'Drama', 'Fantasy', 'Adventure']",Daniel Filho,Comedy Drama Fantasy Adventure,
409,14537,11.57,하라키리,,8.4,"['Action', 'Drama', 'History']",Shinobu Hashimoto,Action Drama History,
410,539,29.685,싸이코,,8.4,"['Horror', 'Drama', 'Thriller']",Bernard Herrmann,Horror Drama Thriller,
411,12477,0.6,반딧불이의 묘,,8.4,"['Animation', 'Drama', 'War']",Isao Takahata,Animation Drama War,
412,510,25.098,뻐꾸기 둥지 위로 날아간 새,,8.4,['Drama'],Jane Feinberg,Drama,
413,550,52.987,파이트 클럽,,8.4,['Drama'],Arnon Milchan,Drama,
414,378064,114.122,목소리의 형태,,8.4,"['Animation', 'Drama', 'Romance']",Roger Daltrey,Animation Drama Romance,
415,324857,112.62,스파이더맨: 뉴 유니버스,,8.4,"['Action', 'Adventure', 'Animation', 'Science Fiction']",Stan Lee,Action Adventure Animation Science Fiction,
416,283566,202.762,에반게리온 3.0+1.01,,8.4,"['Animation', 'Action', 'Science Fiction', 'Drama']",Shiro Sagisu,Animation Action Science Fiction Drama,
417,598,32.487,시티 오브 갓,,8.4,"['Drama', 'Crime']",Fernando Meirelles,Drama Crime,
418,255709,11.579,소원,,8.4,['Drama'],Kim Sang-bum,Drama,
419,4935,72.398,하울의 움직이는 성,,8.4,"['Fantasy', 'Animation', 'Adventure']",John Lasseter,Fantasy Animation Adventure,
420,92321,0.6,반딧불이의 숲으로,,8.4,"['Romance', 'Animation', 'Fantasy']",Eiko Morikawa,Romance Animation Fantasy,
421,18491,32.034,신세기 에반게리온 엔드 오브 에반게리온,,8.4,"['Drama', 'Science Fiction', 'Animation', 'Action']",Mitsuhisa Ishikawa,Drama Science Fiction Animation Action,
422,1891,27.035,스타워즈 에피소드 5: 제국의 역습,,8.4,"['Adventure', 'Action', 'Science Fiction']",George Lucas,Adventure Action Science Fiction,
423,599,14.584,선셋 대로,,8.4,['Drama'],Franz Waxman,Drama,
424,441130,15.427,울프워커스,,8.4,"['Animation', 'Family', 'Adventure', 'Fantasy']",Darren T. Holmes,Animation Family Adventure Fantasy,
425,120,109.085,반지의 제왕: 반지 원정대,,8.4,"['Adventure', 'Fantasy', 'Action']",Barrie M. Osborne,Adventure Fantasy Action,
426,704264,26.478,Primal: Tales of Savagery,,8.4,"['Action', 'Adventure', 'Animation']",Genndy Tartakovsky,Action Adventure Animation,
427,423,28.744,피아니스트,,8.4,"['Drama', 'War']",Celestia Fox,Drama War,
428,244786,47.993,위플래쉬,,8.4,"['Drama', 'Music']",Terri Taylor,Drama Music,
429,73,29.921,아메리칸 히스토리 X,,8.4,['Drama'],Steve Tisch,Drama,
430,157336,126.628,인터스텔라,,8.4,"['Adventure', 'Drama', 'Science Fiction']",Hans Zimmer,Adventure Drama Science Fiction,
431,635302,1020.513,귀멸의 칼날 극장판 무한열차편,,8.4,"['Animation', 'Action', 'Adventure', 'Fantasy']",Kazuo Ebisawa,Animation Action Adventure Fantasy,
432,121,133.173,반지의 제왕: 두 개의 탑,,8.4,"['Adventure', 'Fantasy', 'Action']",Barrie M. Osborne,Adventure Fantasy Action,
433,567,15.81,이창,,8.4,"['Thriller', 'Mystery']",Alfred Hitchcock,Thriller Mystery,
434,12493,10.615,천국과 지옥,,8.4,"['Crime', 'Drama', 'Mystery', 'Thriller']",Akira Kurosawa,Crime Drama Mystery Thriller,
435,901,10.508,시티 라이트,,8.4,"['Comedy', 'Drama', 'Romance']",Charles D. Hall,Comedy Drama Romance,
436,3782,9.74,이키루,,8.4,['Drama'],Akira Kurosawa,Drama,
437,644479,17.685,Dedicada A Mi Ex,,8.4,"['Drama', 'Comedy']",Nataly Valencia,Drama Comedy,
438,914,18.875,위대한 독재자,,8.4,"['Comedy', 'War']",Jack Cosgrove,Comedy War,
439,27205,109.327,인셉션,,8.4,"['Action', 'Science Fiction', 'Adventure']",Hans Zimmer,Action Science Fiction Adventure,
440,632632,214.953,기븐 극장판,,8.4,"['Animation', 'Drama', 'Music', 'Romance']",Naoki Serizawa,Animation Drama Music Romance,
441,572154,132.002,청춘 돼지는 꿈꾸는 소녀의 꿈을 꾸지 않는다,,8.4,"['Animation', 'Comedy', 'Romance', 'Drama', 'Fantasy']",Masahiro Yokotani,Animation Comedy Romance Drama Fantasy,
442,807,43.18,세븐,,8.3,"['Crime', 'Mystery', 'Thriller']",Suzanne Smith,Crime Mystery Thriller,
443,128,40.44,모노노케 히메,,8.3,"['Adventure', 'Fantasy', 'Animation']",Hayao Miyazaki,Adventure Fantasy Animation,
444,25237,14.07,컴 앤 씨,,8.3,"['Drama', 'History', 'War']",Alexey Rodionov,Drama History War,
445,274,11.459,양들의 침묵,,8.3,"['Crime', 'Drama', 'Thriller']",Howard Shore,Crime Drama Thriller,
446,3082,13.416,모던 타임즈,,8.3,"['Comedy', 'Drama']",Charles D. Hall,Comedy Drama,
447,592350,348.47,나의 히어로 아카데미아 더 무비: 히어로즈 라이징,,8.3,"['Animation', 'Action', 'Fantasy', 'Adventure']",Masafumi Mima,Animation Action Fantasy Adventure,
448,207,29.785,죽은 시인의 사회,,8.3,['Drama'],Howard Feuer,Drama,
449,527641,134.686,파이브 피트,,8.3,"['Romance', 'Drama']",Walter Spencer,Romance Drama,
450,101,43.452,레옹,,8.3,"['Crime', 'Drama', 'Action']",Luc Besson,Crime Drama Action,
451,556574,12.072,해밀턴,,8.3,"['History', 'Drama']",Declan Quinn,History Drama,
452,618344,39.441,저스티스 리그 다크: 아포콜립스 워,,8.3,"['Animation', 'Action', 'Adventure', 'Fantasy', 'Science Fiction']",Bob Kane,Animation Action Adventure Fantasy Science Fiction,
453,575813,20.39,소년시절의 너,,8.3,['Drama'],Peter Chan,Drama,
454,630566,27.87,클라우즈,,8.3,"['Music', 'Drama', 'Romance']",Brian Tyler,Music Drama Romance,
455,335,15.142,옛날 옛적 서부에서,,8.3,"['Drama', 'Western']",Ennio Morricone,Drama Western,
456,975,11.614,영광의 길,,8.3,"['Drama', 'War']",Stanley Kubrick,Drama War,
457,18148,9.446,동경 이야기,,8.3,['Drama'],Shôhei Imamura,Drama,
458,105,53.896,빽 투 더 퓨쳐,,8.3,"['Adventure', 'Comedy', 'Science Fiction', 'Family']",Alan Silvestri,Adventure Comedy Science Fiction Family,
459,447362,62.374,우리의 마지막 1년,,8.3,"['Drama', 'Romance']",Will Smith,Drama Romance,
460,532067,246.994,이 멋진 세계에 축복을! 붉은 전설,,8.3,"['Animation', 'Adventure', 'Comedy', 'Fantasy']",Tooru Yoshida,Animation Adventure Comedy Fantasy,
461,16672,8.614,모래의 여자,,8.3,"['Drama', 'Thriller']",Toru Takemitsu,Drama Thriller,
462,42269,7.177,우리는 그토록 사랑했네,,8.3,"['Drama', 'Comedy']",Agenore Incrocci,Drama Comedy,
463,537061,35.348,스티븐 유니버스: 더 무비,,8.3,"['Animation', 'Family', 'Fantasy', 'Music', 'TV Movie', 'Science Fiction']",Chance the Rapper,Animation Family Fantasy Music TV Movie Science Fiction,
464,299534,272.37,어벤져스: 엔드게임,,8.3,"['Adventure', 'Science Fiction', 'Action']",Alan Silvestri,Adventure Science Fiction Action,
465,28,21.766,지옥의 묵시록,,8.3,"['Drama', 'War']",Walter Murch,Drama War,
466,791373,274.272,잭 스나이더의 저스티스 리그,,8.3,"['Action', 'Adventure', 'Fantasy', 'Science Fiction']",Charles Roven,Action Adventure Fantasy Science Fiction,
467,265177,14.104,마미,,8.3,['Drama'],Mike Chute,Drama,
468,10376,11.983,피아니스트의 전설,,8.3,"['Drama', 'Music', 'Romance']",Ennio Morricone,Drama Music Romance,
469,637920,40.171,7번방의 기적,,8.3,"['Drama', 'Comedy', 'Family']",Kim Woo-taek,Drama Comedy Family,
470,522924,28.531,레이싱 인 더 레인,,8.3,"['Comedy', 'Drama', 'Romance']",Monique Prudhomme,Comedy Drama Romance,
471,10494,19.728,퍼펙트 블루,,8.3,"['Animation', 'Thriller']",Hisao Shirai,Animation Thriller,
472,29259,8.214,구멍,,8.3,"['Crime', 'Drama', 'Thriller', 'History']",Georges Charlot,Crime Drama Thriller History,
473,508965,21.659,클라우스,,8.3,"['Animation', 'Family', 'Adventure', 'Comedy']",Matthew Jon Beck,Animation Family Adventure Comedy,
474,797,12.393,페르소나,,8.3,['Drama'],Ingmar Bergman,Drama,
475,290098,38.497,아가씨,,8.3,"['Thriller', 'Drama', 'Romance']",Park Chan-wook,Thriller Drama Romance,
476,670,30.952,올드보이,,8.3,"['Drama', 'Thriller', 'Mystery', 'Action']",Park Chan-wook,Drama Thriller Mystery Action,
477,299536,407.714,어벤져스: 인피니티 워,,8.3,"['Adventure', 'Action', 'Science Fiction']",Alan Silvestri,Adventure Action Science Fiction,
478,5156,11.912,자전거 도둑,,8.3,['Drama'],Giuseppe Amato,Drama,
479,110420,36.789,늑대아이,,8.3,"['Animation', 'Drama', 'Family', 'Fantasy']",Shigeru Nishiyama,Animation Drama Family Fantasy,
480,77338,77.267,언터처블: 1%의 우정,,8.3,"['Drama', 'Comedy']",Olivia Bloch-Lainé,Drama Comedy,
481,526702,9.796,블랙 뷰티,,8.3,['Drama'],Jeremy Bolt,Drama,
482,1585,29.987,멋진 인생,,8.3,"['Drama', 'Family', 'Fantasy']",Frank Capra,Drama Family Fantasy,
483,8587,171.39,라이온 킹,,8.3,"['Family', 'Animation', 'Drama']",Mark A. Mangini,Family Animation Drama,
484,24188,7.605,이지 라이프,,8.3,"['Drama', 'Comedy']",Alfio Contini,Drama Comedy,
485,755812,221.293,"미라큘러스 월드 : 뉴욕, 하나 된 영웅들",,8.3,"['Animation', 'Family', 'Comedy', 'Adventure', 'TV Movie']",Sébastien Thibaudeau,Animation Family Comedy Adventure TV Movie,
486,476292,77.925,이별의 아침에 약속의 꽃을 장식하자,,8.3,"['Animation', 'Fantasy', 'Romance', 'Drama']",Michiya Kato,Animation Fantasy Romance Drama,
487,610892,14.684,바이올렛 에버가든 외전: 영원과 자동수기인형,,8.3,"['Drama', 'Fantasy', 'Animation']",Reiko Yoshida,Drama Fantasy Animation,
488,504253,60.989,너의 췌장을 먹고 싶어,,8.3,"['Animation', 'Drama', 'Romance', 'Family']",Satoko Sudo,Animation Drama Romance Family,
489,1398,14.212,잠입자,,8.2,"['Science Fiction', 'Drama']",Andrei Tarkovsky,Science Fiction Drama,
490,20532,7.202,산쇼다유,,8.2,['Drama'],Masaichi Nagata,Drama,
491,664767,40.687,모탈 컴뱃 레전드: 스콜피온의 복수,,8.2,"['Animation', 'Action', 'Fantasy']",Ed Boon,Animation Action Fantasy,
492,490132,29.026,그린 북,,8.2,"['Drama', 'Comedy']",John Sloss,Drama Comedy,
493,313106,12.763,닥터 후: 닥터의 날,,8.2,"['Science Fiction', 'Adventure']",Andy Pryor,Science Fiction Adventure,
494,37257,11.566,검찰 측 증인,,8.2,"['Drama', 'Mystery', 'Crime']",Billy Wilder,Drama Mystery Crime,
495,422,13.931,8과 1/2,,8.2,"['Fantasy', 'Drama']",Nino Rota,Fantasy Drama,
496,663558,68.63,신신방: 나타중생,,8.2,"['Animation', 'Action', 'Fantasy']",Mu Chuan Chen,Animation Action Fantasy,
497,284,16.781,아파트 열쇠를 빌려드립니다,,8.2,"['Comedy', 'Drama', 'Romance']",John Williams,Comedy Drama Romance,
498,10098,12.1,키드,,8.2,"['Comedy', 'Drama']",Charles D. Hall,Comedy Drama,
499,26451,8.413,완전 범죄,,8.2,"['Drama', 'Thriller']",Ennio Morricone,Drama Thriller,
500,694,54.965,샤이닝,,8.2,"['Horror', 'Thriller']",Michael Lamont,Horror Thriller,
501,354912,210.974,코코,,8.2,"['Family', 'Animation', 'Fantasy', 'Music', 'Comedy', 'Adventure']",Lee Unkrich,Family Animation Fantasy Music Comedy Adventure,
502,2457,7.338,천국의 아이들,,8.2,"['Drama', 'Romance']",Raymond Borderie,Drama Romance,
503,185,35.943,시계태엽 오렌지,,8.2,"['Science Fiction', 'Drama']",Stanley Kubrick,Science Fiction Drama,
504,531428,15.963,타오르는 여인의 초상,,8.2,"['Drama', 'Romance']",Valérie Deloof,Drama Romance,
505,490,16.033,제7의 봉인,,8.2,"['Fantasy', 'Drama']",Katinka Faragó,Fantasy Drama,
506,470044,42.115,더 헤이트 유 기브,,8.2,"['Crime', 'Drama']",Doug Jackson,Crime Drama,
507,398818,88.918,콜 미 바이 유어 네임,,8.2,"['Romance', 'Drama']",James Ivory,Romance Drama,
508,426,15.909,현기증,,8.2,"['Mystery', 'Romance', 'Thriller']",Bernard Herrmann,Mystery Romance Thriller,
509,16869,80.3,바스터즈: 거친 녀석들,,8.2,"['Drama', 'Action', 'Thriller', 'War']",Quentin Tarantino,Drama Action Thriller War,
510,399106,12.288,파이퍼,,8.2,"['Family', 'Animation']",Andrew Stanton,Family Animation,
511,11,70.125,스타워즈 에피소드 4: 새로운 희망,,8.2,"['Adventure', 'Action', 'Science Fiction']",George Lucas,Adventure Action Science Fiction,
512,823754,7.145,보 번햄: 못 나가서 만든 쇼,,8.2,['Comedy'],Lorene Scafaria,Comedy,
513,640344,6.943,Me contro Te: Il film - La vendetta del Signor S,,8.2,"['Comedy', 'Family']",Davide Crippa,Comedy Family,
514,629,19.087,유주얼 서스펙트,,8.2,"['Drama', 'Crime', 'Thriller']",Sara Andrews,Drama Crime Thriller,
515,1124,27.239,프레스티지,,8.2,"['Drama', 'Mystery', 'Science Fiction']",Christopher Nolan,Drama Mystery Science Fiction,
516,98,49.334,글래디에이터,,8.2,"['Action', 'Drama', 'Adventure']",Hans Zimmer,Action Drama Adventure,
517,77,23.051,메멘토,,8.2,"['Mystery', 'Thriller']",Christopher Nolan,Mystery Thriller,
518,620683,6.742,엄마는 나의 분신 3,,8.2,['Comedy'],Mônica Costa,Comedy,
519,857,49.411,라이언 일병 구하기,,8.2,"['Drama', 'History', 'War']",John Williams,Drama History War,
520,11324,45.339,셔터 아일랜드,,8.2,"['Drama', 'Thriller', 'Mystery']",Robert Richardson,Drama Thriller Mystery,
521,705,12.367,이브의 모든 것,,8.2,['Drama'],Lyle R. Wheeler,Drama,
522,603,67.097,매트릭스,,8.2,"['Action', 'Science Fiction']",Barrie M. Osborne,Action Science Fiction,
523,508442,171.887,소울,,8.2,"['Animation', 'Comedy', 'Fantasy', 'Family']",Trent Reznor,Animation Comedy Fantasy Family,
524,20914,6.876,마이 프렌즈,,8.2,['Comedy'],Leonardo Benvenuti,Comedy,
525,19,16.167,메트로폴리스,,8.2,"['Drama', 'Science Fiction']",Erich Pommer,Drama Science Fiction,
526,50014,108.408,헬프,,8.2,['Drama'],Thomas Newman,Drama,
527,103,34.101,택시 드라이버,,8.2,"['Crime', 'Drama']",Bernard Herrmann,Crime Drama,
528,517814,17.655,가버나움,,8.2,['Drama'],Danny Glover,Drama,
529,133919,8.079,결혼의 풍경,,8.2,"['Drama', 'Romance']",Ingmar Bergman,Drama Romance,
530,11878,12.126,요짐보,,8.2,"['Drama', 'Thriller']",Akira Kurosawa,Drama Thriller,
531,406997,32.932,원더,,8.2,"['Drama', 'Family']",Don Burgess,Drama Family,
532,895,9.582,안드레이 루블료프,,8.2,"['Drama', 'History']",Andrei Tarkovsky,Drama History,
533,518068,38.123,신과함께-인과 연,,8.2,"['Drama', 'Fantasy', 'Action']",Bang Jun-seok,Drama Fantasy Action,
534,324786,196.163,핵소 고지,,8.2,"['Drama', 'History', 'War']",Lawrence Bender,Drama History War,
535,475557,114.117,조커,,8.2,"['Crime', 'Thriller', 'Drama']",Scott Silver,Crime Thriller Drama,
536,872,18.318,사랑은 비를 타고,,8.2,"['Comedy', 'Music', 'Romance']",Sydney Guilaroff,Comedy Music Romance,
537,615457,145.856,노바디,,8.2,"['Action', 'Crime', 'Thriller']",Tobey Maguire,Action Crime Thriller,
538,472454,10.089,아일라,,8.2,"['Drama', 'War']",Fahir Atakoğlu,Drama War,
539,548,12.008,라쇼몽,,8.2,"['Crime', 'Drama', 'Mystery']",Akira Kurosawa,Crime Drama Mystery,
540,600354,22.813,더 파더,,8.2,['Drama'],Zygi Kamasa,Drama,
541,289,17.11,카사블랑카,,8.2,"['Drama', 'Romance']",Arthur Edeson,Drama Romance,
542,666,8.127,중앙역,,8.2,['Drama'],Kátia Lund,Drama,
543,111,52.395,스카페이스,,8.2,"['Action', 'Crime', 'Drama', 'Thriller']",Gerald B. Greenberg,Action Crime Drama Thriller,
544,606856,28.957,토고,,8.2,"['Adventure', 'Family']",Jeanne McCarthy,Adventure Family,
545,55823,7.661,La grande guerra,,8.2,"['Drama', 'Comedy', 'War']",Nino Rota,Drama Comedy War,
546,992,8.86,셜록 2세,,8.2,"['Action', 'Comedy', 'Mystery']",Buster Keaton,Action Comedy Mystery,
547,439,11.396,달콤한 인생,,8.2,"['Comedy', 'Drama']",Nino Rota,Comedy Drama,
548,100,9.462,록 스탁 앤 투 스모킹 배럴즈,,8.2,"['Comedy', 'Crime']",John Murphy,Comedy Crime,
549,1422,29.404,디파티드,,8.2,"['Drama', 'Thriller', 'Crime']",Howard Shore,Drama Thriller Crime,
550,337404,397.799,크루엘라,,8.2,"['Comedy', 'Crime', 'Adventure']",Glenn Close,Comedy Crime Adventure,
551,843906,169.034,Straight Outta Nowhere: Scooby-Doo! Meets Courage the Cowardly Dog,,8.2,"['Animation', 'Comedy', 'Mystery', 'Family', 'Fantasy']",Joseph Barbera,Animation Comedy Mystery Family Fantasy,
552,550776,19.848,나를 믿어줘: 리사 맥베이 납치 사건,,8.2,"['Drama', 'TV Movie']",Jim Donovan,Drama TV Movie,
553,996,10.126,이중 배상,,8.2,"['Crime', 'Drama', 'Mystery', 'Thriller']",Billy Wilder,Crime Drama Mystery Thriller,
554,500,27.636,저수지의 개들,,8.2,"['Crime', 'Thriller']",Quentin Tarantino,Crime Thriller,
555,638507,53.936,드래곤 길들이기: 홈커밍,,8.1,"['Animation', 'Fantasy', 'Adventure', 'Action', 'Family']",Tim Johnson,Animation Fantasy Adventure Action Family,
556,68718,63.507,장고: 분노의 추적자,,8.1,"['Drama', 'Western']",Robert Rodriguez,Drama Western,
557,400608,8.481,보 번햄: 해피 바이러스,,8.1,['Comedy'],Bo Burnham,Comedy,
558,239,19.467,뜨거운 것이 좋아,,8.1,"['Comedy', 'Music', 'Romance', 'Crime']",Billy Wilder,Comedy Music Romance Crime,
559,785534,23.684,구겨진 인생들,,8.1,['Drama'],Pelin Ekinci Kaya,Drama,
560,614,9.184,산딸기,,8.1,['Drama'],Katinka Faragó,Drama,
561,600,30.26,풀 메탈 자켓,,8.1,"['Drama', 'War']",Stanley Kubrick,Drama War,
562,489,41.291,굿 윌 헌팅,,8.1,['Drama'],Lawrence Bender,Drama,
563,654299,21.373,Como caído del cielo,,8.1,"['Comedy', 'Drama', 'Music']",Pepe Bojórquez,Comedy Drama Music,
564,935,29.391,닥터 스트레인지러브,,8.1,"['Drama', 'Comedy', 'War']",Gilbert Taylor,Drama Comedy War,
565,411088,32.898,인비저블 게스트,,8.1,"['Drama', 'Mystery', 'Thriller']",Albert Manera,Drama Mystery Thriller,
566,24382,8.014,마돈나 거리에서 한탕,,8.1,"['Comedy', 'Crime']",Franco Cristaldi,Comedy Crime,
567,831827,202.85,나무 저 너머엔,,8.1,"['Animation', 'Family']",Jennifer Lee,Animation Family,
568,9764,9.993,데르수 우잘라,,8.1,"['Action', 'Adventure', 'Drama']",Akira Kurosawa,Action Adventure Drama,
569,348,45.495,에이리언,,8.1,"['Horror', 'Science Fiction']",Ridley Scott,Horror Science Fiction,
570,529531,5.794,해나 개즈비: 나의 이야기,,8.1,['Comedy'],Kevin Whyte,Comedy,
571,655,12.427,"파리, 텍사스",,8.1,['Drama'],Allison Anders,Drama,
572,5801,6.843,아푸 제1부 - 길의 노래,,8.1,['Drama'],Satyajit Ray,Drama,
573,149871,15.074,가구야공주 이야기,,8.1,"['Animation', 'Drama', 'Fantasy']",Isao Takahata,Animation Drama Fantasy,
574,12445,184.305,해리 포터와 죽음의 성물 2,,8.1,"['Fantasy', 'Adventure']",Alexandre Desplat,Fantasy Adventure,
575,92060,8.07,Michael Jackson's Thriller,,8.1,"['Horror', 'Music']",John Landis,Horror Music,
576,42229,6.132,특별한 날,,8.1,"['Drama', 'Romance']",Carlo Ponti,Drama Romance,
577,14696,7.536,우게츠 이야기,,8.1,"['Fantasy', 'Drama', 'Mystery']",Masaichi Nagata,Fantasy Drama Mystery,
578,37165,43.451,트루먼 쇼,,8.1,"['Comedy', 'Drama']",Nancy Haigh,Comedy Drama,
579,832,9.741,엠,,8.1,"['Drama', 'Action', 'Thriller', 'Crime']",Fritz Lang,Drama Action Thriller Crime,
580,55960,5.417,"Totò, Peppino e la... malafemmina",,8.1,"['Comedy', 'Romance']",Sandro Continenza,Comedy Romance,
581,7345,17.056,데어 윌 비 블러드,,8.1,['Drama'],Dylan Tichenor,Drama,
582,652722,11.98,En brazos de un asesino,,8.1,"['Romance', 'Thriller']",William Levy,Romance Thriller,
583,652722,11.98,En brazos de un asesino,,8.1,"['Romance', 'Thriller']",William Levy,Romance Thriller,
584,3780,6.38,붉은 수염,,8.1,['Drama'],Akira Kurosawa,Drama,
585,843,16.574,화양연화,,8.1,"['Drama', 'Romance']",Christopher Doyle,Drama Romance,
586,359940,22.757,쓰리 빌보드,,8.1,"['Crime', 'Drama']",Peter Kohn,Crime Drama,
587,103663,18.842,더 헌트,,8.1,['Drama'],Manon Rasmussen,Drama,
588,347688,19.63,Scooby-Doo! and Kiss: Rock and Roll Mystery,,8.1,"['Family', 'Animation', 'Comedy']",Tony Cervone,Family Animation Comedy,
589,334543,23.287,라이언,,8.1,['Drama'],Bob Weinstein,Drama,
590,38,36.174,이터널 선샤인,,8.1,"['Science Fiction', 'Drama', 'Romance']",Michel Gondry,Science Fiction Drama Romance,
591,449176,35.498,"러브, 사이먼",,8.1,"['Comedy', 'Drama', 'Romance']",Denise Chamian,Comedy Drama Romance,
592,406,14.884,증오,,8.1,['Drama'],Mathieu Kassovitz,Drama,
593,46738,15.421,그을린 사랑,,8.1,"['Drama', 'War', 'Mystery']",Louis Craig,Drama War Mystery,
594,11659,9.143,베스트 오브 유스,,8.1,"['Drama', 'History', 'Romance']",Roberto Missiroli,Drama History Romance,
595,115929,7.656,Achtste Groepers Huilen Niet,,8.1,"['Family', 'Romance', 'Drama']",Janusz Gosschalk,Family Romance Drama,
596,1396,9.887,거울,,8.1,"['Drama', 'History']",Andrei Tarkovsky,Drama History,
597,574074,6.549,Kitbull,,8.1,"['Animation', 'Family', 'Drama']",Pete Docter,Animation Family Drama,
598,147,10.52,400번의 구타,,8.1,['Drama'],François Truffaut,Drama,
599,634649,5399.104,스파이더맨: 노 웨이 홈,,8.1,"['Action', 'Adventure', 'Science Fiction']",Sanja Milković Hays,Action Adventure Science Fiction,
600,437068,12.121,택시운전사,,8.1,"['Action', 'Drama', 'History']",Kim Sang-bum,Action Drama History,
601,515001,33.132,조조 래빗,,8.1,"['Comedy', 'War', 'Drama']",Des Hamilton,Comedy War Drama,
602,4348,39.576,오만과 편견,,8.1,"['Drama', 'Romance']",Jina Jay,Drama Romance,
603,1955,16.918,엘리펀트 맨,,8.1,"['Drama', 'History']",John Morris,Drama History,
604,780,11.313,잔 다르크의 수난,,8.1,"['Drama', 'History']",Rudolph Maté,Drama History,
605,632322,17.604,올 마이 라이프,,8.1,"['Romance', 'Drama']",David Moritz,Romance Drama,
606,11645,13.036,란,,8.1,"['Action', 'Drama', 'History']",Akira Kurosawa,Action Drama History,
607,397567,60.489,신과함께-죄와 벌,,8.1,"['Drama', 'Fantasy', 'Action']",Bang Jun-seok,Drama Fantasy Action,
608,19542,7.404,분홍신,,8.1,"['Drama', 'Romance']",Anne V. Coates,Drama Romance,
609,62,31.862,2001 스페이스 오디세이,,8.1,"['Science Fiction', 'Mystery', 'Adventure']",Stanley Kubrick,Science Fiction Mystery Adventure,
610,387,16.407,특전 U보트,,8.1,"['Drama', 'History', 'War']",Monika Bauert,Drama History War,
611,8392,44.77,이웃집 토토로,,8.1,"['Fantasy', 'Animation', 'Family']",Tensai Okamura,Fantasy Animation Family,
612,522518,48.819,안녕 베일리,,8.1,"['Family', 'Adventure', 'Drama']",Eric Fraser,Family Adventure Drama,
613,438695,829.83,씽2게더,,8.1,"['Animation', 'Comedy', 'Family', 'Music']",Scarlett Johansson,Animation Comedy Family Music,
614,568160,131.123,날씨의 아이,,8.1,"['Animation', 'Drama', 'Fantasy', 'Romance']",Hiroshi Katou,Animation Drama Fantasy Romance,
615,20530,6.104,만춘,,8.1,['Drama'],Yasujirō Ozu,Drama,
616,522402,270.099,핀치,,8.1,"['Science Fiction', 'Drama', 'Adventure']",Robert Zemeckis,Science Fiction Drama Adventure,
617,280,52.537,터미네이터 2: 심판의 날,,8.1,"['Action', 'Thriller', 'Science Fiction']",Dody Dorn,Action Thriller Science Fiction,
618,482321,347.271,고장난 론,,8.1,"['Animation', 'Science Fiction', 'Family', 'Comedy']",Sim Evan-Jones,Animation Science Fiction Family Comedy,
619,19426,10.763,카비리아의 밤,,8.1,['Drama'],Nino Rota,Drama,
620,282848,30.817,닥터 후 - 닥터의 시간,,8.1,"['Drama', 'Science Fiction', 'TV Movie']",Claire Pritchard,Drama Science Fiction TV Movie,
621,8422,9.699,로코와 그의 형제들,,8.1,"['Crime', 'Drama']",Nino Rota,Crime Drama,
622,821,10.916,뉘른베르크의 재판,,8.1,"['Drama', 'History', 'War']",Stanley Kramer,Drama History War,
623,610461,13.314,"Veinteañera, Divorciada y Fantástica",,8.1,['Comedy'],Naomi Crespo,Comedy,
624,455661,6.017,인 어 하트비트,,8.1,"['Family', 'Animation', 'Romance', 'Comedy']",Michael Kahn,Family Animation Romance Comedy,
625,9702,100.754,암흑 속의 혈투,,8.1,"['Crime', 'Action', 'Drama', 'Thriller']",Richard Pagano,Crime Action Drama Thriller,
626,28422,9.263,러브 익스포져,,8.1,"['Action', 'Comedy', 'Drama', 'Romance']",Sion Sono,Action Comedy Drama Romance,
627,11423,17.092,살인의 추억,,8.1,"['Crime', 'Drama', 'Thriller']",Ryu Seong-hie,Crime Drama Thriller,
628,550205,134.531,위시 드래곤,,8.1,"['Animation', 'Family', 'Comedy', 'Fantasy']",Aron Warner,Animation Family Comedy Fantasy,
629,800,8.858,잊혀진 사람들,,8.1,"['Crime', 'Drama']",Luis Buñuel,Crime Drama,
630,339877,16.166,러빙 빈센트,,8.1,"['Animation', 'Drama', 'Mystery', 'History']",Sallie Jaye,Animation Drama Mystery History,
631,538362,7.614,나의 피부로,,8.1,['Drama'],Andrea Occhipinti,Drama,
632,10681,67.609,월-E,,8.1,"['Animation', 'Family', 'Science Fiction']",Andrew Stanton,Animation Family Science Fiction,
633,146233,35.96,프리즈너스,,8.1,"['Drama', 'Thriller', 'Crime']",Roger Deakins,Drama Thriller Crime,
634,264644,28.993,룸,,8.1,"['Drama', 'Thriller']",Tessa Ross,Drama Thriller,
635,120467,24.178,그랜드 부다페스트 호텔,,8.1,"['Comedy', 'Drama']",Anna Pinnock,Comedy Drama,
636,81481,11.933,도가니,,8.1,['Drama'],Bae Jeong-min,Drama,
637,7347,29.897,엘리트 스쿼드,,8.0,"['Drama', 'Action', 'Crime']",Bráulio Mantovani,Drama Action Crime,
638,582,12.722,타인의 삶,,8.0,"['Drama', 'Thriller']",Andreas Schreitmüller,Drama Thriller,
639,400928,39.467,어메이징 메리,,8.0,"['Family', 'Drama', 'Comedy']",Bill Pankow,Family Drama Comedy,
640,381284,46.31,히든 피겨스,,8.0,"['Drama', 'History']",Hans Zimmer,Drama History,
641,776305,30.393,용과 주근깨 공주,,8.0,"['Animation', 'Drama', 'Science Fiction', 'Music']",Nobutaka Ike,Animation Drama Science Fiction Music,
642,310569,8.474,세컨드 마더,,8.0,['Drama'],Miriam Biderman,Drama,
643,9277,13.802,스팅,,8.0,"['Comedy', 'Crime', 'Drama']",Henry Bumstead,Comedy Crime Drama,
644,961,11.444,제너럴,,8.0,"['Action', 'Adventure', 'Comedy', 'Drama', 'War']",Al Boasberg,Action Adventure Comedy Drama War,
645,307,10.368,무방비 도시,,8.0,"['Drama', 'History']",Roberto Rossellini,Drama History,
646,204,8.318,공포의 보수,,8.0,"['Drama', 'Thriller', 'Adventure']",Henri-Georges Clouzot,Drama Thriller Adventure,
647,595,12.746,앵무새 죽이기,,8.0,"['Crime', 'Drama']",Henry Bumstead,Crime Drama,
648,58007,7.631,Miseria e nobiltà,,8.0,['Comedy'],Roberto Cinquini,Comedy,
649,28978,7.168,서커스,,8.0,"['Comedy', 'Romance']",Charlie Chaplin,Comedy Romance,
650,776503,77.734,코다,,8.0,"['Drama', 'Music', 'Romance']",Deborah Aquila,Drama Music Romance,
651,554596,120.035,노 만체스 프리다 2,,8.0,['Comedy'],Martha Higareda,Comedy,
652,429210,4.215,빙고: 더 킹 오브 더 모닝스,,8.0,"['Comedy', 'Drama']",Daniel Rezende,Comedy Drama,
653,110416,8.505,바다의 노래: 벤과 셀키요정의 비밀,,8.0,"['Family', 'Animation', 'Fantasy']",Darren T. Holmes,Family Animation Fantasy,
654,26022,21.259,내 이름은 칸,,8.0,"['Drama', 'Romance']",Farah Khan,Drama Romance,
655,678580,70.18,El mesero,,8.0,['Comedy'],Raúl Martínez,Comedy,
656,21634,11.289,바비를 위한 기도,,8.0,"['Drama', 'History', 'TV Movie']",Victor Du Bois,Drama History TV Movie,
657,158445,11.358,7번방의 선물,,8.0,"['Drama', 'Comedy', 'Family']",Kim Woo-taek,Drama Comedy Family,
658,458220,40.804,파머,,8.0,['Drama'],Charles B. Wessler,Drama,
659,426618,11.148,웨어 핸즈 터치,,8.0,"['War', 'Drama', 'Romance']",Remi Adefarasin,War Drama Romance,
660,378108,42.257,이 세상의 한구석에,,8.0,"['Drama', 'Animation', 'Romance', 'War', 'History']",Yōji Takeshige,Drama Animation Romance War History,
661,315465,45.207,괴물의 아이,,8.0,"['Animation', 'Fantasy', 'Action', 'Adventure', 'Drama']",Yōji Takeshige,Animation Fantasy Action Adventure Drama,
662,11104,21.365,중경삼림,,8.0,"['Drama', 'Comedy', 'Romance']",Christopher Doyle,Drama Comedy Romance,
663,938,15.083,석양의 무법자,,8.0,['Western'],Ennio Morricone,Western,
664,20803,8.647,Иван Васильевич меняет профессию,,8.0,"['Comedy', 'Science Fiction']",Vladlen Bakhnov,Comedy Science Fiction,
665,3090,14.678,시에라 마드레의 황금,,8.0,"['Adventure', 'Drama', 'Western']",Jack L. Warner,Adventure Drama Western,
666,2517,7.126,아무도 모른다,,8.0,['Drama'],Toshihiro Isomi,Drama,
667,14,24.844,아메리칸 뷰티,,8.0,['Drama'],Thomas Newman,Drama,
668,20941,18.873,이노센트 보이스,,8.0,"['Drama', 'War']",Lawrence Bender,Drama War,
669,38360,7.821,학이 난다,,8.0,"['Drama', 'Romance', 'War']",Mikhail Kalatozov,Drama Romance War,
670,641,11.713,레퀴엠,,8.0,"['Crime', 'Drama']",Jay Rabinowitz,Crime Drama,
671,521,10.552,다이얼 M을 돌려라,,8.0,"['Crime', 'Thriller']",Alfred Hitchcock,Crime Thriller,
672,11778,16.721,디어 헌터,,8.0,"['Drama', 'War']",Michael Deeley,Drama War,
673,106646,167.273,더 울프 오브 월 스트리트,,8.0,"['Crime', 'Drama', 'Comedy']",Rodrigo Prieto,Crime Drama Comedy,
674,15,19.29,시민 케인,,8.0,"['Mystery', 'Drama']",Orson Welles,Mystery Drama,
675,15244,7.904,사형수 탈출하다,,8.0,"['Thriller', 'Drama', 'War', 'History']",Alain Poiré,Thriller Drama War History,
676,573164,152.61,Un rescate de huevitos,,8.0,"['Animation', 'Comedy']",Rodolfo Riva Palacio Alatriste,Animation Comedy,
677,45752,30.226,Scooby-Doo! Camp Scare,,8.0,"['Animation', 'Comedy', 'Family', 'Mystery']",Tony Cervone,Animation Comedy Family Mystery,
678,501929,31.427,미첼 가족과 기계 전쟁,,8.0,"['Animation', 'Adventure', 'Comedy']",Mark Mothersbaugh,Animation Adventure Comedy,
679,667520,69.082,울고 싶은 나는 고양이 가면을 쓴다,,8.0,"['Animation', 'Drama', 'Romance', 'Fantasy']",Yusuke Takeda,Animation Drama Romance Fantasy,
680,279,16.5,아마데우스,,8.0,"['History', 'Music', 'Drama']",Bonnie Timmermann,History Music Drama,
681,424694,77.692,보헤미안 랩소디,,8.0,"['Music', 'Drama', 'History']",Arnon Milchan,Music Drama History,
682,1091,43.898,괴물,,8.0,"['Horror', 'Mystery', 'Science Fiction']",Larry J. Franco,Horror Mystery Science Fiction,
683,673,207.156,해리 포터와 아즈카반의 죄수,,8.0,"['Adventure', 'Fantasy']",John Williams,Adventure Fantasy,
684,1059,8.991,숨겨진 요새의 세 악인,,8.0,"['Adventure', 'Drama', 'Action', 'Comedy']",Akira Kurosawa,Adventure Drama Action Comedy,
685,962,9.812,황금광 시대,,8.0,"['Adventure', 'Comedy', 'Drama']",Charles D. Hall,Adventure Comedy Drama,
686,406785,6.101,Inner Workings,,8.0,"['Animation', 'Family', 'Comedy']",John Lasseter,Animation Family Comedy,
687,205596,37.886,이미테이션 게임,,8.0,"['History', 'Drama', 'Thriller', 'War']",Maria Djurkovic,History Drama Thriller War,
688,654,10.275,워터프론트,,8.0,"['Crime', 'Drama']",Elia Kazan,Crime Drama,
689,237791,7.975,그의 시선,,8.0,"['Drama', 'Romance']",Daniel Ribeiro,Drama Romance,
690,41050,8.674,밤,,8.0,"['Drama', 'Romance']",Eraldo Da Roma,Drama Romance,
691,12104,13.069,핑크 플로이드의 벽,,8.0,"['Music', 'Drama']",Jim Morahan,Music Drama,
692,12761,8.182,가을 소나타,,8.0,['Drama'],Katinka Faragó,Drama,
693,524,19.549,카지노,,8.0,"['Crime', 'Drama']",Robert Richardson,Crime Drama,
694,488623,27.174,기억의 밤,,8.0,"['Thriller', 'Mystery', 'Drama', 'Horror', 'Crime']",Kim Min-jae,Thriller Mystery Drama Horror Crime,
695,801335,83.591,Girl in the Basement,,8.0,"['Crime', 'Thriller']",Fern Champion,Crime Thriller,
696,140420,7.814,페이퍼맨,,8.0,"['Animation', 'Family', 'Romance']",John Lasseter,Animation Family Romance,
697,25376,16.425,엘 시크레토: 비밀의 눈동자,,8.0,"['Crime', 'Drama', 'Mystery']",Walter Rippell,Crime Drama Mystery,
698,920394,55.321,아빠의 바이올린,,8.0,"['Drama', 'Music']",Funda Ödemiş,Drama Music,
699,28178,38.508,하치 이야기,,8.0,"['Drama', 'Family']",Richard Gere,Drama Family,
700,11658,9.729,태극기 휘날리며,,8.0,"['Action', 'Adventure', 'Drama', 'History', 'War']",Je-kyu Kang,Action Adventure Drama History War,
701,13223,16.756,그랜 토리노,,8.0,['Drama'],Clint Eastwood,Drama,
702,242828,32.367,추억의 마니,,8.0,"['Animation', 'Drama']",Toshio Suzuki,Animation Drama,
703,770,19.332,바람과 함께 사라지다,,8.0,"['Drama', 'War', 'Romance']",Ernest Haller,Drama War Romance,
704,360814,11.169,당갈,,8.0,"['Drama', 'Action']",Aamir Khan,Drama Action,
705,213,15.307,북북서로 진로를 돌려라,,8.0,"['Mystery', 'Thriller']",Bernard Herrmann,Mystery Thriller,
706,527774,222.462,라야와 마지막 드래곤,,8.0,"['Animation', 'Family', 'Fantasy', 'Action', 'Adventure']",James Newton Howard,Animation Family Fantasy Action Adventure,
707,7508,12.381,지상의 별처럼,,8.0,['Drama'],Aamir Khan,Drama,
708,3175,15.325,배리 린든,,8.0,"['Drama', 'Romance', 'War']",Stanley Kubrick,Drama Romance War,
709,359724,57.918,포드 V 페라리,,8.0,"['Drama', 'Action', 'History']",Ronna Kress,Drama Action History,
710,11712,10.158,츠바키 산쥬로,,8.0,"['Drama', 'Action', 'Comedy']",Akira Kurosawa,Drama Action Comedy,
711,458302,11.197,레미: 집 없는 아이,,8.0,"['Adventure', 'Family', 'Drama']",Philippe Rousselet,Adventure Family Drama,
712,1580,11.542,올가미,,8.0,"['Crime', 'Drama', 'Thriller']",Alfred Hitchcock,Crime Drama Thriller,
713,1578,15.83,분노의 주먹,,8.0,"['Drama', 'History']",Martin Scorsese,Drama History,
714,523781,9.453,비밀이 아닌 이야기,,8.0,"['Drama', 'Romance']",John Papsidera,Drama Romance,
715,29264,9.87,학살의 천사,,8.0,"['Comedy', 'Drama', 'Fantasy']",Luis Buñuel,Comedy Drama Fantasy,
716,20875,9.956,Операция «Ы» и другие приключения Шурика,,8.0,['Comedy'],Viktor Babushkin,Comedy,
717,1092,11.622,제3의 사나이,,8.0,"['Thriller', 'Mystery']",Alexander Korda,Thriller Mystery,
718,560066,15.357,Scooby-Doo! and the Curse of the 13th Ghost,,8.0,"['Comedy', 'Family', 'Animation', 'Adventure', 'Mystery']",Jay Bastian,Comedy Family Animation Adventure Mystery,
719,18438,11.938,김씨 표류기,,8.0,"['Drama', 'Comedy', 'Romance']",Lee Seung-chul,Drama Comedy Romance,
720,94047,7.474,마이웨이,,8.0,"['Drama', 'Action', 'History', 'War']",Takefumi Yoshikawa,Drama Action History War,
721,142061,25.027,배트맨: 다크 나이트 리턴즈 파트 2,,8.0,"['Science Fiction', 'Action', 'Animation', 'Mystery']",Frank Miller,Science Fiction Action Animation Mystery,
722,10238,8.669,외침과 속삭임,,8.0,['Drama'],Ingmar Bergman,Drama,
723,28971,5.906,라임라이트,,8.0,"['Drama', 'Music', 'Romance']",Karl Struss,Drama Music Romance,
724,594634,16.977,Dem Horizont so nah,,8.0,"['Drama', 'Romance']",Charles Ladmiral,Drama Romance,
725,556901,33.114,Teen Titans Go! vs. Teen Titans,,8.0,"['Action', 'Animation']",Marly Halpern-Graser,Action Animation,
726,530915,38.41,1917,,8.0,"['War', 'Drama', 'Action', 'Thriller']",Thomas Newman,War Drama Action Thriller,
727,455714,28.126,배드 지니어스,,8.0,"['Comedy', 'Drama', 'Crime', 'Thriller']",Traithep Wongpaiboon,Comedy Drama Crime Thriller,
728,20453,47.352,세 얼간이,,8.0,"['Drama', 'Comedy']",Boman Irani,Drama Comedy,
729,627,17.953,트레인스포팅,,8.0,"['Drama', 'Crime']",Brian Tufano,Drama Crime,
730,20271,6.846,이혼: 이탈리언 스타일,,8.0,['Comedy'],Franco Cristaldi,Comedy,
731,10515,33.361,천공의 성 라퓨타,,8.0,"['Adventure', 'Fantasy', 'Animation', 'Action', 'Family', 'Romance']",Hayao Miyazaki,Adventure Fantasy Animation Action Family Romance,
732,588228,235.728,내일의 전쟁,,8.0,"['Action', 'Science Fiction', 'Adventure']",David S. Goyer,Action Science Fiction Adventure,
733,38286,7.152,세 남자와 다리,,8.0,['Comedy'],Giovanni Fiore Coltellacci,Comedy,
734,947,23.318,아라비아의 로렌스,,8.0,"['War', 'History', 'Adventure', 'Drama']",Ray Lovejoy,War History Adventure Drama,
735,405,9.791,길,,8.0,['Drama'],Nino Rota,Drama,
736,15383,8.23,그림자 군단,,8.0,"['War', 'Drama', 'Thriller']",Françoise Bonnot,War Drama Thriller,
737,31411,6.045,카메라맨,,8.0,"['Comedy', 'Romance', 'Drama', 'Family']",Lawrence Weingarten,Comedy Romance Drama Family,
738,110,12.037,세 가지 색: 레드,,8.0,"['Drama', 'Mystery', 'Romance']",Krzysztof Kieślowski,Drama Mystery Romance,
739,24,35.34,킬 빌: 1부,,8.0,"['Action', 'Crime']",Robert Rodriguez,Action Crime,
740,779047,7.678,어스 어게인,,8.0,"['Animation', 'Romance', 'Drama']",Pinar Toprak,Animation Romance Drama,
741,505262,154.335,나의 히어로 아카데미아 더 무비: 두 명의 히어로,,8.0,"['Animation', 'Action', 'Adventure', 'Fantasy']",Masafumi Mima,Animation Action Adventure Fantasy,
742,70,20.082,밀리언 달러 베이비,,8.0,['Drama'],Clint Eastwood,Drama,
743,17295,9.419,알제리 전투,,8.0,"['Drama', 'War', 'History']",Franco Solinas,Drama War History,
744,10242,9.502,제인의 말로,,8.0,"['Drama', 'Horror', 'Thriller']",Jack Solomon,Drama Horror Thriller,
745,149,42.49,아키라,,8.0,"['Animation', 'Science Fiction', 'Action']",Katsuhiro Otomo,Animation Science Fiction Action,
746,414419,17.929,킬 빌: 더 홀 블러디 어페어,,8.0,"['Action', 'Crime', 'Thriller']",Robert Rodriguez,Action Crime Thriller,
747,775,9.969,달세계 여행,,8.0,"['Adventure', 'Fantasy', 'Science Fiction']",Jules Verne,Adventure Fantasy Science Fiction,
748,234,13.123,칼리가리 박사의 밀실,,8.0,"['Drama', 'Horror', 'Thriller', 'Crime']",Erich Pommer,Drama Horror Thriller Crime,
749,234,13.123,칼리가리 박사의 밀실,,8.0,"['Drama', 'Horror', 'Thriller', 'Crime']",Erich Pommer,Drama Horror Thriller Crime,
750,862,196.451,토이 스토리,,8.0,"['Animation', 'Adventure', 'Family', 'Comedy']",Andrew Stanton,Animation Adventure Family Comedy,
751,3777,9.013,거미집의 성,,8.0,"['Drama', 'History']",Akira Kurosawa,Drama History,
752,21334,28.33,천국의 아이들,,8.0,"['Drama', 'Family']",Hassan Hassandoust,Drama Family,
753,76,17.51,비포 선라이즈,,8.0,"['Drama', 'Romance']",Richard Linklater,Drama Romance,
754,522212,13.395,저스트 머시,,8.0,"['Drama', 'Crime', 'History']",Jay Meagher,Drama Crime History,
755,20722,8.658,つみきのいえ,,8.0,['Animation'],Kenya Hirata,Animation,
756,640,55.095,캐치 미 이프 유 캔,,8.0,"['Drama', 'Crime']",John Williams,Drama Crime,
757,552532,17.193,트웰브,,8.0,['Drama'],Luis Carballar,Drama,
758,7857,8.13,아마코드,,8.0,"['Comedy', 'Drama']",Franco Cristaldi,Comedy Drama,
759,11010,11.575,일 포스티노,,7.9,"['Comedy', 'Drama', 'Romance']",Furio Scarpelli,Comedy Drama Romance,
760,76203,26.843,노예 12년,,7.9,"['Drama', 'History']",Hans Zimmer,Drama History,
761,10404,10.571,홍등,,7.9,['Drama'],Zhang Yimou,Drama,
762,5925,15.175,대탈주,,7.9,"['Adventure', 'Drama', 'History', 'Thriller', 'War']",Richard Carruth,Adventure Drama History Thriller War,
763,615453,26.315,나타지마동강세,,7.9,"['Animation', 'Fantasy', 'Adventure']",Wang Changtian,Animation Fantasy Adventure,
764,316029,32.483,위대한 쇼맨,,7.9,['Drama'],Peter Kohn,Drama,
765,152532,18.145,달라스 바이어스 클럽,,7.9,"['Drama', 'History']",Kerry Barden,Drama History,
766,745,32.513,식스 센스,,7.9,"['Mystery', 'Thriller', 'Drama']",Avy Kaufman,Mystery Thriller Drama,
767,508943,344.785,루카,,7.9,"['Animation', 'Comedy', 'Family', 'Fantasy']",Ennio Morricone,Animation Comedy Family Fantasy,
768,597316,119.905,극장판 마이 리틀 포니: 새로운 희망,,7.9,"['Animation', 'Family', 'Fantasy', 'Comedy', 'Music', 'Adventure']",Tim Sullivan,Animation Family Fantasy Comedy Music Adventure,
769,49964,7.086,내 친구의 집은 어디인가,,7.9,"['Drama', 'Family']",Abbas Kiarostami,Drama Family,
770,14160,98.403,업,,7.9,"['Animation', 'Comedy', 'Family', 'Adventure']",Andrew Stanton,Animation Comedy Family Adventure,
771,3034,13.95,영 프랑켄슈타인,,7.9,['Comedy'],Jane Feinberg,Comedy,
772,2011,10.322,페르세폴리스,,7.9,"['Animation', 'Drama']",Kathleen Kennedy,Animation Drama,
773,32085,7.097,빈센트,,7.9,"['Animation', 'Fantasy']",Rick Heinrichs,Animation Fantasy,
774,9323,27.87,공각기동대,,7.9,"['Action', 'Animation', 'Science Fiction']",Tensai Okamura,Action Animation Science Fiction,
775,3083,11.673,스미스씨 워싱톤에 가다,,7.9,"['Comedy', 'Drama']",Frank Capra,Comedy Drama,
776,1646,18.397,프리 라이터스 다이어리,,7.9,"['Crime', 'Drama']",Hilary Swank,Crime Drama,
777,223,13.479,레베카,,7.9,"['Mystery', 'Drama', 'Thriller', 'Romance']",Irving Rosenberg,Mystery Drama Thriller Romance,
778,491480,21.271,바람을 길들인 풍차소년,,7.9,"['Drama', 'History', 'Family']",Natascha Wharton,Drama History Family,
779,946,7.657,미지의 여인에게서 온 편지,,7.9,"['Drama', 'Romance']",Franz Planer,Drama Romance,
780,662,9.38,방파제,,7.9,"['Romance', 'Science Fiction']",Anatole Dauman,Romance Science Fiction,
781,899405,59.96,아노니마,,7.9,"['Drama', 'Romance']",Alexandro Aldrete,Drama Romance,
782,548544,7.289,인비저블 라이프,,7.9,['Drama'],Michael Weber,Drama,
783,150540,91.939,인사이드 아웃,,7.9,"['Animation', 'Family', 'Adventure', 'Drama', 'Comedy']",Andrew Stanton,Animation Family Adventure Drama Comedy,
784,33,22.004,용서받지 못한 자,,7.9,['Western'],Clint Eastwood,Western,
785,334533,17.474,캡틴 판타스틱,,7.9,"['Adventure', 'Drama']",Jeanne McCarthy,Adventure Drama,
786,78,40.24,블레이드 러너,,7.9,"['Science Fiction', 'Drama', 'Thriller']",Brian Tufano,Science Fiction Drama Thriller,
787,60243,9.687,씨민과 나데르의 별거,,7.9,['Drama'],Asghar Farhadi,Drama,
788,435129,11.231,파르바나 - 아프가니스탄의 눈물,,7.9,"['Animation', 'War', 'Drama']",Mychael Danna,Animation War Drama,
789,56231,5.401,천국으로 가는 노동계급,,7.9,['Drama'],Ennio Morricone,Drama,
790,10674,125.331,뮬란,,7.9,"['Animation', 'Family', 'Adventure']",David Reynolds,Animation Family Adventure,
791,6977,24.91,노인을 위한 나라는 없다,,7.9,"['Crime', 'Drama', 'Thriller']",Roger Deakins,Crime Drama Thriller,
792,197,42.457,브레이브하트,,7.9,"['Action', 'Drama', 'History', 'War']",Jina Jay,Action Drama History War,
793,8290,12.746,파리대탈출,,7.9,"['Comedy', 'War']",Danièle Thompson,Comedy War,
794,183011,38.976,저스티스 리그: 플래시포인트 패러독스,,7.9,"['Science Fiction', 'Animation', 'Action', 'Adventure']",Alan Burnett,Science Fiction Animation Action Adventure,
795,16390,12.301,Scooby-Doo! and the Samurai Sword,,7.9,"['Family', 'Mystery', 'Animation', 'Comedy', 'Action', 'Fantasy']",Kathi Castillo,Family Mystery Animation Comedy Action Fantasy,
796,25364,8.397,비장의 술수,,7.9,['Drama'],Billy Wilder,Drama,
797,24167,8.535,두 여인,,7.9,"['Drama', 'War']",Carlo Ponti,Drama War,
798,10728,9.37,파우스트,,7.9,"['Drama', 'Fantasy', 'Horror']",Erich Pommer,Drama Fantasy Horror,
799,829,16.626,차이나타운,,7.9,"['Crime', 'Drama', 'Mystery', 'Thriller']",Jane Feinberg,Crime Drama Mystery Thriller,
800,85,22.773,인디아나 존스: 레이더스,,7.9,"['Adventure', 'Action']",George Lucas,Adventure Action,
801,48035,6.63,오데트,,7.9,['Drama'],Carl Theodor Dreyer,Drama,
802,43949,43.707,플립,,7.9,"['Romance', 'Drama']",Bill Coe,Romance Drama,
803,81,20.389,바람계곡의 나우시카,,7.9,"['Adventure', 'Animation', 'Fantasy']",Hayao Miyazaki,Adventure Animation Fantasy,
804,10386,78.553,아이언 자이언트,,7.9,"['Family', 'Animation', 'Adventure', 'Science Fiction', 'Comedy']",Sheri Galloway,Family Animation Adventure Science Fiction Comedy,
805,671,269.871,해리 포터와 마법사의 돌,,7.9,"['Adventure', 'Fantasy']",John Williams,Adventure Fantasy,
806,329,56.71,쥬라기 공원,,7.9,"['Adventure', 'Science Fiction']",John Williams,Adventure Science Fiction,
807,331482,38.717,작은 아씨들,,7.9,"['Drama', 'Romance']",Arnon Milchan,Drama Romance,
808,3112,9.176,사냥꾼의 밤,,7.9,"['Crime', 'Drama', 'Thriller']",James Agee,Crime Drama Thriller,
809,7984,14.352,아버지의 이름으로,,7.9,['Drama'],Francis Ford Coppola,Drama,
810,746957,11.964,아이를 부탁해,,7.9,"['Romance', 'Comedy']",Tiaré Scanda,Romance Comedy,
811,369557,14.894,싱 스트리트,,7.9,"['Comedy', 'Romance', 'Drama', 'Music']",Anthony Bregman,Comedy Romance Drama Music,
812,367412,8.014,위플래쉬,,7.9,"['Drama', 'Music']",Terri Taylor,Drama Music,
813,1892,20.042,스타워즈 에피소드 6: 제다이의 귀환,,7.9,"['Adventure', 'Action', 'Science Fiction']",George Lucas,Adventure Action Science Fiction,
814,679,30.961,에이리언 2,,7.9,"['Action', 'Thriller', 'Science Fiction']",Michael Lamont,Action Thriller Science Fiction,
815,31442,9.923,이반의 어린 시절,,7.9,"['Drama', 'War']",Andrei Tarkovsky,Drama War,
816,613868,8.512,Primos,,7.9,"['Comedy', 'Romance', 'Drama']",Thiago Cazado,Comedy Romance Drama,
817,118340,55.143,가디언즈 오브 갤럭시,,7.9,"['Action', 'Science Fiction', 'Adventure']",Craig Wood,Action Science Fiction Adventure,
818,194,25.261,아멜리에,,7.9,"['Comedy', 'Romance']",Jean-Marc Deschamps,Comedy Romance,
819,303867,5.349,월드 오브 투모로우,,7.9,"['Animation', 'Drama', 'Science Fiction']",Don Hertzfeldt,Animation Drama Science Fiction,
820,198,10.613,사느냐 죽느냐,,7.9,"['Comedy', 'War']",Ernst Lubitsch,Comedy War,
821,122906,32.372,어바웃 타임,,7.9,"['Drama', 'Romance', 'Fantasy']",Nicky Kentish Barnes,Drama Romance Fantasy,
822,1402,35.1,행복을 찾아서,,7.9,['Drama'],Steve Tisch,Drama,
823,47796,6.243,맘마 로마,,7.9,['Drama'],Tonino Delli Colli,Drama,
824,45523,5.492,루이 CK: Hilarious,,7.9,['Comedy'],Louis C.K.,Comedy,
825,3870,10.957,1900년,,7.9,"['Drama', 'History']",Vittorio Storaro,Drama History,
826,579245,8.909,더 스페셜스,,7.9,"['Comedy', 'Drama']",Jean-Paul Hurier,Comedy Drama,
827,602063,56.444,바람의 검심 최종장: 더 파이널,,7.9,"['Action', 'Adventure', 'Drama']",Takuro Ishizaka,Action Adventure Drama,
828,3078,10.718,어느 날 밤에 생긴 일,,7.9,"['Comedy', 'Romance']",Frank Capra,Comedy Romance,
829,804,14.575,로마의 휴일,,7.9,"['Romance', 'Comedy', 'Drama']",Henri Alekan,Romance Comedy Drama,
830,301,13.381,리오 브라보,,7.9,['Western'],Dean Smith,Western,
831,16,11.186,어둠 속의 댄서,,7.9,"['Drama', 'Crime']",Lars von Trier,Drama Crime,
832,83564,8.943,라 루나,,7.9,"['Animation', 'Family']",John Lasseter,Animation Family,
833,2721,9.616,제트,,7.9,"['Drama', 'History', 'Thriller']",Costa-Gavras,Drama History Thriller,
834,379170,25.116,셜록: 유령신부,,7.9,"['Crime', 'Drama', 'Mystery', 'TV Movie']",David Arnold,Crime Drama Mystery TV Movie,
835,841755,118.788,Mortal Kombat Legends: Battle of the Realms,,7.9,"['Animation', 'Action', 'Fantasy']",Ed Boon,Animation Action Fantasy,
836,37797,42.731,귀를 기울이면,,7.9,"['Animation', 'Drama', 'Family']",Hayao Miyazaki,Animation Drama Family,
837,13398,9.557,크리스마스에 기적을 만날 확률,,7.9,"['Animation', 'Drama', 'Comedy']",Takeshi Seyama,Animation Drama Comedy,
838,752,27.174,브이 포 벤데타,,7.9,"['Action', 'Thriller', 'Fantasy']",Lucinda Syson,Action Thriller Fantasy,
839,564427,5.768,Minha Vida em Marte,,7.9,"['Comedy', 'Romance']",Mônica Costa,Comedy Romance,
840,631,9.611,선라이즈,,7.9,"['Drama', 'Romance']",Edgar G. Ulmer,Drama Romance,
841,404378,18.72,"내 어깨 위 고양이, 밥",,7.9,"['Family', 'Drama']",Irene Lamb,Family Drama,
842,25538,7.598,하나 그리고 둘,,7.9,"['Drama', 'Romance']",Edward Yang,Drama Romance,
843,949,40.066,히트,,7.9,"['Action', 'Crime', 'Drama', 'Thriller']",Arnon Milchan,Action Crime Drama Thriller,
844,210577,42.966,나를 찾아줘,,7.9,"['Mystery', 'Thriller', 'Drama']",Arnon Milchan,Mystery Thriller Drama,
845,726684,209.242,"미라큘러스 월드: 상하이, 레이디 드레곤의 전설",,7.9,"['Animation', 'Comedy', 'Family', 'Adventure']",Frédéric Lenoir,Animation Comedy Family Adventure,
846,381341,10.642,퍼펙트 스트레인저,,7.9,"['Comedy', 'Drama']",Barbara Giordani,Comedy Drama,
847,30588,6.652,살인광 시대,,7.9,"['Comedy', 'Crime']",Orson Welles,Comedy Crime,
848,296096,136.412,미 비포 유,,7.9,"['Drama', 'Romance']",John Wilson,Drama Romance,
849,438631,291.494,듄,,7.9,"['Science Fiction', 'Adventure']",Eric Roth,Science Fiction Adventure,
850,1675,8.073,아메리카의 밤,,7.9,"['Comedy', 'Drama']",Pierre-William Glenn,Comedy Drama,
851,275,18.575,파고,,7.9,"['Crime', 'Drama', 'Thriller']",Roger Deakins,Crime Drama Thriller,
852,11293,7.917,페이퍼 문,,7.9,"['Comedy', 'Crime', 'Drama']",Francis Ford Coppola,Comedy Crime Drama,
853,391,21.3,황야의 무법자,,7.9,['Western'],Ennio Morricone,Western,
854,614917,93.124,킹 리차드,,7.9,"['Drama', 'History']",Wynn Thomas,Drama History,
855,445030,48.328,노 게임 노 라이프 -제로-,,7.9,"['Animation', 'Action', 'Drama']",Jukki Hanada,Animation Action Drama,
856,266856,20.876,사랑에 대한 모든 것,,7.9,"['Drama', 'Romance']",Tim Bevan,Drama Romance,
857,20873,6.557,Бриллиантовая рука,,7.9,"['Adventure', 'Comedy', 'Crime']",Leonid Gaidai,Adventure Comedy Crime,
858,11036,58.241,노트북,,7.9,"['Romance', 'Drama']",Alan Heim,Romance Drama,
859,430424,8.416,맨 오브 마스크,,7.9,"['Drama', 'Crime', 'War']",Antoinette Boulat,Drama Crime War,
860,313369,29.909,라라랜드,,7.9,"['Comedy', 'Drama', 'Romance', 'Music']",Peter Kohn,Comedy Drama Romance Music,
861,29455,5.611,겨울 빛,,7.9,['Drama'],Ingmar Bergman,Drama,
862,22843,29.559,에반게리온 파,,7.9,"['Animation', 'Science Fiction', 'Action', 'Drama']",Kazuchika Kise,Animation Science Fiction Action Drama,
863,16804,10.237,굿바이,,7.9,['Drama'],Joe Hisaishi,Drama,
864,5544,8.727,히로시마 내 사랑,,7.9,"['Drama', 'History', 'Romance']",Anatole Dauman,Drama History Romance,
865,393,31.323,킬 빌: 2부,,7.9,"['Action', 'Crime', 'Thriller']",Robert Rodriguez,Action Crime Thriller,
866,348892,7.972,카쉬미르의 소녀,,7.9,"['Action', 'Comedy', 'Drama']",Salman Khan,Action Comedy Drama,
867,398924,7.22,백 오브 마블스,,7.9,"['War', 'Drama']",Armand Amar,War Drama,
868,833,8.744,움베르토 디,,7.9,['Drama'],Giuseppe Amato,Drama,
869,593,13.242,솔라리스,,7.9,"['Drama', 'Science Fiction', 'Mystery']",Andrei Tarkovsky,Drama Science Fiction Mystery,
870,505192,10.517,어느 가족,,7.9,['Drama'],Hirokazu Kore-eda,Drama,
871,827,9.169,디아볼릭,,7.9,"['Drama', 'Horror', 'Thriller']",Henri-Georges Clouzot,Drama Horror Thriller,
872,235,17.612,스탠 바이 미,,7.9,"['Crime', 'Drama']",Janet Hirshenson,Crime Drama,
873,597,144.565,타이타닉,,7.9,"['Drama', 'Romance']",Christopher Boyes,Drama Romance,
874,293299,8.744,피스트,,7.9,"['Animation', 'Comedy', 'Drama', 'Family']",John Lasseter,Animation Comedy Drama Family,
875,180147,39.349,Nosotros los nobles,,7.9,['Comedy'],José Casillas,Comedy,
876,677638,71.14,위 베어 베어스: 더 무비,,7.9,"['Family', 'Animation', 'Adventure', 'Comedy', 'TV Movie']",Jennifer Pelphrey,Family Animation Adventure Comedy TV Movie,
877,152601,30.306,그녀,,7.9,"['Romance', 'Science Fiction', 'Drama']",Charlie Kaufman,Romance Science Fiction Drama,
878,6715,7.983,굿바이 마이 프랜드,,7.9,"['Drama', 'Family']",Mark Burg,Drama Family,
879,2440,9.828,공동경비구역 JSA,,7.9,"['War', 'Drama', 'Thriller', 'Action']",Park Chan-wook,War Drama Thriller Action,
880,399174,16.573,개들의 섬,,7.9,"['Adventure', 'Comedy', 'Animation']",Alexandre Desplat,Adventure Comedy Animation,
881,10997,11.56,패왕별희,,7.9,['Drama'],Chen Kaige,Drama,
882,10774,9.948,네트워크,,7.9,['Drama'],Alan Heim,Drama,
883,185789,7.184,Mulholland Dr.,,7.9,"['Thriller', 'TV Movie', 'Drama', 'Mystery']",Brian Grazer,Thriller TV Movie Drama Mystery,
884,58129,6.619,유령마차,,7.9,"['Drama', 'Fantasy', 'Horror']",Victor Sjöström,Drama Fantasy Horror,
885,11953,12.354,카게무샤,,7.9,"['Action', 'Drama', 'History', 'War']",George Lucas,Action Drama History War,
886,1394,7.101,노스텔지아,,7.9,"['Drama', 'Romance']",Andrea Crisanti,Drama Romance,
887,11830,10.155,담뽀뽀,,7.9,['Comedy'],Juzo Itami,Comedy,
888,23160,7.699,베크마이스터 하모니즈,,7.9,['Drama'],Paulo Branco,Drama,
889,22596,7.119,안전불감증,,7.9,"['Comedy', 'Romance', 'Action']",Harvey Parry,Comedy Romance Action,
890,546554,47.578,나이브스 아웃,,7.9,"['Comedy', 'Crime', 'Mystery']",Mary Vernieu,Comedy Crime Mystery,
891,86000,7.166,오직 그대만,,7.9,"['Romance', 'Drama', 'Adventure']",Bang Jun-seok,Romance Drama Adventure,
892,33320,14.167,천년여우,,7.9,"['Animation', 'Drama', 'Romance']",Hisao Shirai,Animation Drama Romance,
893,113833,9.311,노멀 하트,,7.9,['Drama'],Cliff Martinez,Drama,
894,10757,11.564,때로는 행복 때로는 슬픔,,7.9,"['Comedy', 'Drama']",Farah Khan,Comedy Drama,
895,843241,690.279,일곱 개의 대죄: 빛에 저주받은 자들,,7.9,"['Animation', 'Fantasy']",Takayuki Hamana,Animation Fantasy,
896,71157,7.868,경찰들,,7.9,"['Drama', 'Thriller']",Stephen Warbeck,Drama Thriller,
897,581,17.956,늑대와 춤을,,7.9,"['Adventure', 'Drama', 'Western']",Kevin Costner,Adventure Drama Western,
898,93,12.423,살인자의 해부,,7.9,"['Crime', 'Drama', 'Mystery', 'Thriller']",Otto Preminger,Crime Drama Mystery Thriller,
899,24238,9.53,메리와 맥스,,7.9,"['Animation', 'Comedy', 'Drama']",Andrew Mackie,Animation Comedy Drama,
900,579792,9.879,Cindy La Regia,,7.9,"['Comedy', 'Romance']",Catalina Aguilar Mastretta,Comedy Romance,
901,1162,8.435,미라클 워커,,7.9,['Drama'],Ruth Morley,Drama,
902,934,7.407,리피피,,7.9,"['Drama', 'Action', 'Crime']",Georges Auric,Drama Action Crime,
903,11049,9.347,인터스텔라 5555,,7.9,"['Animation', 'Science Fiction', 'Music', 'Adventure']",Thomas Bangalter,Animation Science Fiction Music Adventure,
904,5924,13.645,빠삐용,,7.9,"['Crime', 'Drama']",Robert Watts,Crime Drama,
905,20334,8.466,모퉁이 가게,,7.9,"['Comedy', 'Drama', 'Romance']",Ernst Lubitsch,Comedy Drama Romance,
906,152742,11.041,베스트 오퍼,,7.9,"['Drama', 'Romance', 'Crime']",Ennio Morricone,Drama Romance Crime,
907,31056,9.992,사랑에 관한 짧은 필름,,7.9,"['Drama', 'Romance']",Krzysztof Kieślowski,Drama Romance,
908,14574,44.326,줄무늬 파자마를 입은 소년,,7.9,"['War', 'Drama', 'History']",Rodney Glenn,War Drama History,
909,5511,9.31,고독,,7.9,"['Crime', 'Thriller']",Henri Decaë,Crime Thriller,
910,1626,8.151,비브르 사 비,,7.9,['Drama'],Agnès Guillemot,Drama,
911,453,24.57,뷰티풀 마인드,,7.9,"['Drama', 'Romance']",Roger Deakins,Drama Romance,
912,31011,19.713,미스터 노바디,,7.9,"['Science Fiction', 'Drama', 'Romance', 'Fantasy']",Christophe Beaucarne,Science Fiction Drama Romance Fantasy,
913,323272,51.343,기도의 힘,,7.8,"['Drama', 'Romance']",Alex Kendrick,Drama Romance,
914,359156,6.175,그렇게 살지 마라,,7.8,"['Crime', 'Drama']",Valerio Mastandrea,Crime Drama,
915,265195,20.001,와일드 테일즈: 참을 수 없는 순간,,7.8,"['Drama', 'Thriller', 'Comedy']",Esther García,Drama Thriller Comedy,
916,32480,5.763,Il marchese del Grillo,,7.8,['Comedy'],Leonardo Benvenuti,Comedy,
917,665,35.898,벤허,,7.8,"['Action', 'Drama', 'History']",Harold Michelson,Action Drama History,
918,596,10.127,분노의 포도,,7.8,['Drama'],Gregg Toland,Drama,
919,115,21.482,위대한 레보스키,,7.8,"['Comedy', 'Crime']",Roger Deakins,Comedy Crime,
920,317442,211.879,나루토 질풍전 극장판 7기 - 더 라스트 - 나루토 더 무비,,7.8,"['Action', 'Romance', 'Animation']",Hirotsugu Kawasaki,Action Romance Animation,
921,980,8.249,옥스보우 인서던트,,7.8,['Western'],James Basevi,Western,
922,609242,26.952,세기의 도둑,,7.8,"['Comedy', 'Thriller', 'Crime']",Alex Zito,Comedy Thriller Crime,
923,24480,10.613,구름 조금,,7.8,"['Animation', 'Family', 'Comedy']",Andrew Stanton,Animation Family Comedy,
924,777,9.233,위대한 환상,,7.8,"['Drama', 'History', 'War']",Claude Renoir,Drama History War,
925,730840,79.061,트롤헌터: 라이즈 오브 타이탄,,7.8,"['Animation', 'Fantasy', 'Family', 'Action', 'Adventure']",Andrew L. Schmidt,Animation Fantasy Family Action Adventure,
926,47931,19.262,엘리트 스쿼드 2,,7.8,"['Drama', 'Action', 'Crime']",Bráulio Mantovani,Drama Action Crime,
927,6075,14.241,칼리토,,7.8,"['Crime', 'Thriller', 'Drama']",David Koepp,Crime Thriller Drama,
928,144,9.83,베를린 천사의 시,,7.8,"['Drama', 'Fantasy', 'Romance']",Monika Jacobs,Drama Fantasy Romance,
929,11602,7.205,창문을 통해 어렴풋이,,7.8,['Drama'],Ingmar Bergman,Drama,
930,200727,50.583,"러브, 로지",,7.8,"['Comedy', 'Romance']",Robert Kulzer,Comedy Romance,
931,59440,73.196,워리어,,7.8,"['Drama', 'Action']",Mark A. Mangini,Drama Action,
932,9479,62.494,팀버튼의 크리스마스 악몽,,7.8,"['Fantasy', 'Animation', 'Family']",Tim Burton,Fantasy Animation Family,
933,1018,17.187,멀홀랜드 드라이브,,7.8,"['Thriller', 'Drama', 'Mystery']",Johanna Ray,Thriller Drama Mystery,
934,506574,62.623,디센던츠 3,,7.8,"['Family', 'TV Movie', 'Music', 'Adventure', 'Fantasy']",David Lawrence,Family TV Movie Music Adventure Fantasy,
935,16859,36.573,마녀 배달부 키키,,7.8,"['Animation', 'Family', 'Fantasy', 'Adventure']",Hayao Miyazaki,Animation Family Fantasy Adventure,
936,352173,8.081,의혹의 맹점,,7.8,"['Crime', 'Drama', 'Thriller', 'Mystery']",Vishal Bhardwaj,Crime Drama Thriller Mystery,
937,17483,12.759,셀터,,7.8,"['Drama', 'Romance']",J. Peter Robinson,Drama Romance,
938,113,13.32,봄 여름 가을 겨울 그리고 봄,,7.8,['Drama'],Kim Ki-duk,Drama,
939,11656,11.649,처녀의 샘,,7.8,"['Crime', 'Drama', 'Thriller']",Ingmar Bergman,Crime Drama Thriller,
940,354857,43.004,Regular Show: The Movie,,7.8,"['Animation', 'Comedy', 'Science Fiction', 'TV Movie']",J.G. Quintel,Animation Comedy Science Fiction TV Movie,
941,25253,5.776,Les Tontons flingueurs,,7.8,"['Action', 'Comedy', 'Crime']",Alain Poiré,Action Comedy Crime,
942,335578,13.097,랜드 오브 마인,,7.8,"['War', 'Drama', 'History']",Molly Malene Stensgaard,War Drama History,
943,25606,9.037,판토치,,7.8,['Comedy'],Leonardo Benvenuti,Comedy,
944,136,13.237,프릭스,,7.8,"['Drama', 'Horror']",Tod Browning,Drama Horror,
945,887,7.667,우리 생애 최고의 해,,7.8,"['Drama', 'Romance', 'War']",Gregg Toland,Drama Romance War,
946,573699,50.632,백사 : 인연의 시작,,7.8,"['Romance', 'Animation', 'Fantasy']",Chen Guang,Romance Animation Fantasy,
947,5000,5.838,금지된 장난,,7.8,"['Drama', 'History']",René Clément,Drama History,
948,502,9.561,핵전략 사령부,,7.8,"['Drama', 'Thriller', 'War']",Albert Brenner,Drama Thriller War,
949,613,14.392,다운폴,,7.8,"['Drama', 'History', 'War']",Oskar Roehler,Drama History War,
950,503314,121.488,드래곤볼 슈퍼: 브로리,,7.8,"['Action', 'Science Fiction', 'Animation']",Akira Toriyama,Action Science Fiction Animation,
951,446159,11.826,바쿠라우,,7.8,"['Mystery', 'Western', 'Thriller']",Saïd Ben Saïd,Mystery Western Thriller,
952,968,14.038,뜨거운 오후,,7.8,"['Crime', 'Drama', 'Thriller']",Martin Bregman,Crime Drama Thriller,
953,12,113.343,니모를 찾아서,,7.8,"['Animation', 'Family']",Andrew Stanton,Animation Family,
954,805,16.915,악마의 씨,,7.8,"['Drama', 'Horror', 'Thriller']",Roman Polanski,Drama Horror Thriller,
955,80,14.246,비포 선셋,,7.8,"['Drama', 'Romance']",Richard Linklater,Drama Romance,
956,314365,18.418,스포트라이트,,7.8,"['Drama', 'History']",Steve Golin,Drama History,
957,5915,18.52,인투 더 와일드,,7.8,"['Adventure', 'Drama']",Jack Nicholson,Adventure Drama,
958,674,215.86,해리 포터와 불의 잔,,7.8,"['Adventure', 'Fantasy', 'Family']",Roger Pratt,Adventure Fantasy Family,
